"player_name","team","gp","min_mpg","orpm","orpm_percentile","drpm","drpm_percentile","rpm","rpm_percentile","wins","wins_percentile","wins_value","wins_value_percentile","salary","salary_percentile","salary_surplus","salary_surplus_percentile","surplus","value"
"Pascal Siakam, PF",TOR,53,35.5,1.52,0.09684684685,1.15,0.06756756757,2.67,0.03378378378,4.76,0.02927927928,12940996.9,0.02927927928,2351839,0.6126126126,1886786.09,0.6126126126,11054210.81,0.002252252252
"Luka Doncic, SG",DAL,54,33.3,3.97,0.01351351351,-0.17,0.4684684685,3.8,0.01126126126,5.85,0.01351351351,15904376.45,0.01351351351,7683360,0.3333333333,6164051.525,0.3333333333,9740324.921,0.004504504505
"Giannis Antetokounmpo, PF",MIL,57,30.9,5.47,0.004504504505,2.5,0.006756756757,7.96,0.002252252252,11.16,0.002252252252,30340656.61,0.002252252252,25842697,0.08558558559,20732559.18,0.08558558559,9608097.43,0.006756756757
"Devonte' Graham, PG",CHA,63,35.1,0.34,0.2815315315,1.08,0.08333333333,1.42,0.1081081081,3.37,0.06081081081,9162008.312,0.06081081081,1416852,0.8468468468,1136683.525,0.8468468468,8025324.786,0.009009009009
"Donte DiVincenzo, SG",MIL,59,23.1,1.67,0.08783783784,1.13,0.07432432432,2.8,0.02927927928,3.63,0.04954954955,9868869.487,0.04954954955,2905800,0.5563063063,2331206.78,0.5563063063,7537662.708,0.01126126126
"Duncan Robinson, SG",MIA,65,30,0.49,0.240990991,0.83,0.1463963964,1.31,0.1171171171,2.99,0.07432432432,8128903.517,0.07432432432,1416852,0.8468468468,1136683.525,0.8468468468,6992219.992,0.01351351351
"Christian Wood, PF",DET,62,21.4,1.2,0.1351351351,1.01,0.0990990991,2.21,0.04954954955,2.81,0.08783783784,7639538.088,0.08783783784,1645357,0.7184684685,1320003.921,0.7184684685,6319534.167,0.01576576577
"Jayson Tatum, PF",BOS,59,34.6,0.66,0.213963964,1.7,0.03378378378,2.36,0.04054054054,4.61,0.03153153153,12533192.38,0.03153153153,7830000,0.3288288288,6281694.915,0.3288288288,6251497.464,0.01801801802
"Bam Adebayo, PF",MIA,65,34.4,-1.13,0.8040540541,2.18,0.01126126126,1.05,0.1486486486,3.05,0.06981981982,8292025.327,0.06981981982,3454080,0.5225225225,2771069.831,0.5225225225,5520955.496,0.02027027027
"Terence Davis, SG",TOR,64,17,2.24,0.0518018018,-0.22,0.490990991,2.02,0.06756756757,2.15,0.1283783784,5845198.181,0.1283783784,898310,0.9166666667,720678.0791,0.9166666667,5124520.102,0.02252252252
"Ben Simmons, PG",PHI,54,35.8,1.64,0.09009009009,0.57,0.2027027027,2.21,0.04954954955,4.23,0.03828828829,11500087.58,0.03828828829,8113930,0.3108108108,6509480.565,0.3108108108,4990607.019,0.02477477477
"Montrezl Harrell, PF",LAC,63,27.8,1.43,0.1013513514,0.49,0.2207207207,1.92,0.07432432432,3.58,0.0518018018,9732934.646,0.0518018018,6000000,0.3783783784,4813559.322,0.3783783784,4919375.324,0.02702702703
"Buddy Hield, SG",SAC,64,32,1.49,0.0990990991,-0.29,0.5225225225,1.19,0.1306306306,3.03,0.07207207207,8237651.39,0.07207207207,4861208,0.4121621622,3899952.181,0.4121621622,4337699.209,0.02927927928
"Jaylen Brown, SG",BOS,50,34,1.24,0.1261261261,0.64,0.1846846847,1.87,0.07882882883,3.28,0.06531531532,8917325.597,0.06531531532,6534829,0.3648648649,5242631.175,0.3648648649,3674694.422,0.03153153153
"Trae Young, PG",ATL,60,35.3,4.22,0.01126126126,-3.12,1,1.1,0.1418918919,3.17,0.06756756757,8618268.946,0.06756756757,6273000,0.3761261261,5032576.271,0.3761261261,3585692.675,0.03378378378
"Dillon Brooks, SG",MEM,65,28.5,-0.06,0.3828828829,0.43,0.2297297297,0.37,0.2657657658,1.78,0.1666666667,4839280.355,0.1666666667,1618520,0.7905405405,1298473.672,0.7905405405,3540806.682,0.03603603604
"Josh Hart, SG",NO,57,27.4,0.42,0.2522522523,0.17,0.3310810811,0.59,0.2117117117,1.76,0.1689189189,4784906.418,0.1689189189,1655160,0.7162162162,1327868.475,0.7162162162,3457037.944,0.03828828829
"Davis Bertans, SF",WSH,54,29.3,2.48,0.04279279279,-0.52,0.6779279279,1.96,0.06981981982,3.33,0.06306306306,9053260.439,0.06306306306,7000000,0.3558558559,5615819.209,0.3558558559,3437441.23,0.04054054054
"Brandon Clarke, SF",MEM,50,21.7,2.34,0.0472972973,-0.77,0.795045045,1.57,0.09684684685,1.98,0.1509009009,5383019.72,0.1509009009,2478840,0.6013513514,1988673.898,0.6013513514,3394345.822,0.04279279279
"John Collins, PF",ATL,41,33.2,0.32,0.2837837838,0.8,0.1531531532,1.13,0.1373873874,2.03,0.1463963964,5518954.562,0.1463963964,2686560,0.5743243243,2155319.322,0.5743243243,3363635.24,0.04504504505
"Lou Williams, SG",LAC,60,29.3,2.57,0.03603603604,-0.67,0.7545045045,1.9,0.07657657658,3.58,0.0518018018,9732934.646,0.0518018018,8000000,0.3153153153,6418079.096,0.3153153153,3314855.55,0.0472972973
"De'Anthony Melton, SG",MEM,52,19.4,1.22,0.1328828829,-0.09,0.4369369369,1.13,0.1373873874,1.53,0.2184684685,4159606.148,0.2184684685,1416852,0.8468468468,1136683.525,0.8468468468,3022922.622,0.04954954955
"Kyle Kuzma, PF",LAL,54,24.6,0.37,0.2725225225,0.38,0.2432432432,0.75,0.1846846847,1.62,0.1936936937,4404288.862,0.1936936937,1974600,0.6666666667,1584142.373,0.6666666667,2820146.489,0.0518018018
"Ben McLemore, SG",HOU,63,22.8,2.23,0.05405405405,-1.65,0.9527027027,0.57,0.2184684685,1.59,0.2027027027,4322727.957,0.2027027027,2028594,0.6509009009,1627459.593,0.6509009009,2695268.364,0.05405405405
"Donovan Mitchell, SG",UTAH,63,34.4,0.43,0.25,-0.03,0.4121621622,0.4,0.2567567568,2.05,0.1441441441,5573328.498,0.1441441441,3635760,0.4932432432,2916824.407,0.4932432432,2656504.092,0.05630630631
"Nerlens Noel, C",OKC,55,18.4,0.31,0.2882882883,0.79,0.1554054054,1.1,0.1418918919,1.43,0.2274774775,3887736.465,0.2274774775,1620564,0.7297297297,1300113.492,0.7297297297,2587622.973,0.05855855856
"Shai Gilgeous-Alexander, SG",OKC,63,35.1,0.23,0.3018018018,0.17,0.3310810811,0.39,0.259009009,2.1,0.1328828829,5709263.34,0.1328828829,3952920,0.4797297297,3171269.153,0.4797297297,2537994.187,0.06081081081
"Jarrett Allen, C",BKN,64,25.7,-0.86,0.6734234234,1.24,0.06306306306,0.39,0.259009009,1.58,0.204954955,4295540.989,0.204954955,2376840,0.6103603604,1906843.39,0.6103603604,2388697.599,0.06306306306
"Dennis Schroder, PG",OKC,63,31,2.11,0.06306306306,0.99,0.1036036036,3.11,0.02252252252,5.44,0.02027027027,14789710.75,0.02027027027,15500000,0.1689189189,12435028.25,0.1689189189,2354682.498,0.06531531532
"Aaron Holiday, PG",IND,58,23.6,-0.29,0.4594594595,0.93,0.1216216216,0.64,0.1981981982,1.5,0.222972973,4078045.243,0.222972973,2329200,0.6193693694,1868623.729,0.6193693694,2209421.514,0.06756756757
"Wesley Matthews, SG",MIL,62,24.7,-0.99,0.722972973,1.4,0.05405405405,0.42,0.2545045045,1.55,0.2162162162,4213980.084,0.2162162162,2564753,0.5900900901,2057598.452,0.5900900901,2156381.632,0.06981981982
"Furkan Korkmaz, SG",PHI,64,21.8,0.11,0.3265765766,0.19,0.3198198198,0.3,0.2927927928,1.26,0.240990991,3425558.004,0.240990991,1620564,0.7297297297,1300113.492,0.7297297297,2125444.512,0.07207207207
"Mitchell Robinson, C",NY,61,23.1,0.39,0.268018018,-0.04,0.4189189189,0.35,0.277027027,1.24,0.2432432432,3371184.067,0.2432432432,1599712,0.8108108108,1283384.768,0.8108108108,2087799.299,0.07432432432
"Mikal Bridges, SF",PHX,65,27.3,-0.03,0.3693693694,0.58,0.1981981982,0.55,0.2207207207,1.91,0.1576576577,5192710.942,0.1576576577,4161000,0.4594594595,3338203.39,0.4594594595,1854507.553,0.07657657658
"Kendrick Nunn, SG",MIA,62,29.8,-0.45,0.5,0.3,0.277027027,-0.15,0.4054054054,1.07,0.2567567568,2909005.606,0.2567567568,1416852,0.8468468468,1136683.525,0.8468468468,1772322.081,0.07882882883
"Jalen Brunson, PG",DAL,57,17.9,0.9,0.1621621622,-0.42,0.5923423423,0.49,0.240990991,1.03,0.268018018,2800257.733,0.268018018,1416852,0.8468468468,1136683.525,0.8468468468,1663574.208,0.08108108108
"Damion Lee, SG",GS,49,29,-0.49,0.5202702703,0.31,0.2747747748,-0.17,0.4099099099,0.83,0.3108108108,2256518.368,0.3108108108,842327,0.9594594595,675765.1638,0.9594594595,1580753.204,0.08333333333
"Shabazz Napier, PG",MIN/WSH,51,24.2,0.3,0.2927927928,-0.02,0.4054054054,0.28,0.2972972973,1.12,0.2522522523,3044940.448,0.2522522523,1845301,0.6891891892,1480410.972,0.6891891892,1564529.476,0.08558558559
"Royce O'Neale, SF",UTAH,64,29.1,-1.66,0.9189189189,1.47,0.04954954955,-0.19,0.4144144144,1.03,0.268018018,2800257.733,0.268018018,1618520,0.7905405405,1298473.672,0.7905405405,1501784.061,0.08783783784
"Reggie Jackson, PG",DET/LAC,23,24.2,1.24,0.1261261261,-0.38,0.5630630631,0.87,0.1599099099,0.69,0.3468468468,1875900.812,0.3468468468,512721,0.9797297297,411335.4915,0.9797297297,1464565.32,0.09009009009
"Derrick White, PG",SA,61,24.1,-0.2,0.4279279279,0.26,0.286036036,0.06,0.3490990991,1.09,0.2545045045,2963379.543,0.2545045045,1948080,0.6756756757,1562866.441,0.6756756757,1400513.102,0.09234234234
"Kyle Korver, SG",MIL,50,16.7,1.28,0.1171171171,-0.61,0.7252252252,0.67,0.1959459459,0.99,0.2792792793,2691509.86,0.2792792793,1620564,0.7297297297,1300113.492,0.7297297297,1391396.369,0.09459459459
"Rondae Hollis-Jefferson, SF",TOR,52,19.2,-0.3,0.4662162162,1.15,0.06756756757,0.85,0.1644144144,1.24,0.2432432432,3371184.067,0.2432432432,2500000,0.5990990991,2005649.718,0.5990990991,1365534.35,0.09684684685
"Alex Caruso, SG",LAL,58,17.8,-0.7,0.6126126126,1.54,0.04504504505,0.84,0.1666666667,1.3,0.2342342342,3534305.877,0.2342342342,2750000,0.5653153153,2206214.689,0.5653153153,1328091.188,0.0990990991
"Domantas Sabonis, PF",IND,62,34.8,-0.93,0.6981981982,0.95,0.1148648649,0.01,0.3581081081,1.48,0.2252252252,4023671.306,0.2252252252,3529555,0.509009009,2831620.395,0.509009009,1192050.911,0.1013513514
"Shaquille Harrison, PG",CHI,43,11.3,0.11,0.3265765766,1.59,0.03828828829,1.7,0.08783783784,0.89,0.2995495495,2419640.177,0.2995495495,1620564,0.7297297297,1300113.492,0.7297297297,1119526.686,0.1036036036
"Austin Rivers, PG",HOU,60,23.4,0.84,0.1734234234,-0.8,0.8018018018,0.03,0.3536036036,1.04,0.2635135135,2827444.702,0.2635135135,2147317,0.6418918919,1722706.294,0.6418918919,1104738.408,0.1058558559
"Dwight Howard, C",LAL,62,19.2,-0.22,0.4369369369,0.25,0.2882882883,0.03,0.3536036036,0.83,0.3108108108,2256518.368,0.3108108108,1620564,0.7297297297,1300113.492,0.7297297297,956404.8761,0.1081081081
"De'Aaron Fox, PG",SAC,45,31.7,1.93,0.07432432432,-0.66,0.740990991,1.27,0.1216216216,2.23,0.1261261261,6062693.927,0.1261261261,6392760,0.3738738739,5128654.915,0.3738738739,934039.0122,0.1103603604
"Chris Clemons, PG",HOU,29,8.7,2.54,0.03828828829,-0.76,0.7927927928,1.78,0.08108108108,0.49,0.4099099099,1332161.446,0.4099099099,563347,0.9752252252,451950.7006,0.9752252252,880210.7454,0.1126126126
"Jamal Murray, PG",DEN,55,32.8,-0.49,0.5202702703,0.85,0.1418918919,0.36,0.2725225225,1.6,0.1959459459,4349914.926,0.1959459459,4444746,0.4504504505,3565841.424,0.4504504505,784073.5018,0.1148648649
"Daniel Gafford, PF",CHI,43,14.2,-0.35,0.481981982,0.63,0.1891891892,0.28,0.2972972973,0.54,0.3896396396,1468096.287,0.3896396396,898310,0.9166666667,720678.0791,0.9166666667,747418.2083,0.1171171171
"Justin Holiday, SF",IND,65,24.9,-0.05,0.3783783784,0.53,0.2162162162,0.48,0.2432432432,1.64,0.1914414414,4458662.799,0.1914414414,4767000,0.4189189189,3824372.881,0.4189189189,634289.9173,0.1193693694
"Chris Boucher, PF",TOR,55,13.2,0.08,0.3333333333,0.36,0.2454954955,0.44,0.25,0.7,0.3423423423,1903087.78,0.3423423423,1588231,0.8130630631,1274174.023,0.8130630631,628913.7573,0.1216216216
"Isaac Bonga, SF",WSH,58,17.7,-1.14,0.8085585586,1.02,0.09459459459,-0.12,0.4009009009,0.64,0.3626126126,1739965.97,0.3626126126,1416842,0.8941441441,1136675.503,0.8941441441,603290.4674,0.1238738739
"Gary Payton II, PG",WSH,29,14.9,0.53,0.2364864865,0.25,0.2882882883,0.79,0.1779279279,0.53,0.3963963964,1440909.319,0.3963963964,1052909,0.9099099099,844706.6554,0.9099099099,596202.6637,0.1261261261
"Ivica Zubac, C",LAC,64,18.1,-0.39,0.490990991,2.1,0.01351351351,1.71,0.08558558559,2.12,0.1306306306,5763637.276,0.1306306306,6481482,0.3693693694,5199833.017,0.3693693694,563804.2594,0.1283783784
"Brandon Ingram, SF",NO,56,34.3,0.94,0.1576576577,-0.22,0.490990991,0.72,0.1891891892,2.35,0.1171171171,6388937.547,0.1171171171,7265485,0.3468468468,5828807.175,0.3468468468,560130.3717,0.1306306306
"Damyean Dotson, SG",NY,48,17.4,0.96,0.1554054054,-0.77,0.795045045,0.19,0.3288288288,0.65,0.3581081081,1767152.938,0.3581081081,1618520,0.7905405405,1298473.672,0.7905405405,468679.2662,0.1328828829
"Troy Daniels, SG",DEN/LAL,42,10.9,-0.15,0.4121621622,0.05,0.3738738739,-0.1,0.3986486486,0.28,0.4887387387,761235.112,0.4887387387,384541,0.990990991,308501.8192,0.990990991,452733.2928,0.1351351351
"Doug McDermott, SF",IND,62,20,1.35,0.1058558559,0.42,0.231981982,1.77,0.08333333333,2.33,0.1193693694,6334563.61,0.1193693694,7333333,0.3400900901,5883238.904,0.3400900901,451324.7063,0.1373873874
"Georges Niang, SF",UTAH,58,13.3,0.74,0.1914414414,-0.51,0.6644144144,0.23,0.3175675676,0.64,0.3626126126,1739965.97,0.3626126126,1645357,0.7184684685,1320003.921,0.7184684685,419962.0493,0.1396396396
"Abdel Nader, SF",OKC,48,15.8,-0.32,0.4684684685,0.54,0.2117117117,0.22,0.3198198198,0.63,0.3671171171,1712779.002,0.3671171171,1618520,0.7905405405,1298473.672,0.7905405405,414305.3296,0.1418918919
"Michael Carter-Williams, PG",ORL,42,18.4,-0.14,0.4076576577,0.36,0.2454954955,0.22,0.3198198198,0.63,0.3671171171,1712779.002,0.3671171171,1620564,0.7297297297,1300113.492,0.7297297297,412665.5104,0.1441441441
"Brandon Goodwin, PG",ATL,34,12.6,0.51,0.2387387387,-0.51,0.6644144144,-0.01,0.3671171171,0.3,0.4774774775,815609.0485,0.4774774775,522738,0.9774774775,419371.7288,0.9774774775,396237.3197,0.1463963964
"Daniel Theis, C",BOS,58,23.8,-1.24,0.8333333333,1.94,0.01801801802,0.71,0.1936936937,1.6,0.1959459459,4349914.926,0.1959459459,5000000,0.4076576577,4011299.435,0.4076576577,338615.4905,0.1486486486
"Dorian Finney-Smith, SF",DAL,64,29.7,-0.49,0.5202702703,0.48,0.222972973,-0.01,0.3671171171,1.28,0.2387387387,3479931.94,0.2387387387,4000000,0.4707207207,3209039.548,0.4707207207,270892.3924,0.1509009009
"Sterling Brown, SG",MIL,45,14.8,0.02,0.3400900901,0.18,0.3243243243,0.2,0.3265765766,0.57,0.3828828829,1549657.192,0.3828828829,1618520,0.7905405405,1298473.672,0.7905405405,251183.5199,0.1531531532
"Kris Dunn, SF",CHI,51,24.9,-0.87,0.6779279279,1.79,0.02927927928,0.92,0.1576576577,1.67,0.1891891892,4540223.704,0.1891891892,5348007,0.3986486486,4290491.492,0.3986486486,249732.212,0.1554054054
"Matt Thomas, SG",TOR,33,9.7,0.89,0.1666666667,-0.35,0.5427927928,0.54,0.222972973,0.33,0.463963964,897169.9534,0.463963964,898310,0.9166666667,720678.0791,0.9166666667,176491.8743,0.1576576577
"Shake Milton, SG",PHI,32,19.1,1.26,0.1238738739,-1.07,0.8671171171,0.19,0.3288288288,0.49,0.4099099099,1332161.446,0.4099099099,1455697,0.8310810811,1167847.311,0.8310810811,164314.1352,0.1599099099
"Willie Cauley-Stein, C",DAL/GS,54,20.3,-1.68,0.9234234234,1.59,0.03828828829,-0.09,0.3941441441,0.69,0.3468468468,1875900.812,0.3468468468,2177483,0.6373873874,1746907.266,0.6373873874,128993.5461,0.1621621622
"Marquese Chriss, PF",GS,59,20.3,-0.48,0.5135135135,-0.25,0.5045045045,-0.73,0.5698198198,0.24,0.5112612613,652487.2388,0.5112612613,654469,0.963963964,525054.226,0.963963964,127433.0128,0.1644144144
"Caris LeVert, SG",BKN,39,29,0.19,0.3108108108,-0.18,0.4707207207,0.01,0.3581081081,0.8,0.3198198198,2174957.463,0.3198198198,2625718,0.5788288288,2106508.226,0.5788288288,68449.23678,0.1666666667
"Pat Connaughton, SG",MIL,61,18.3,-0.49,0.5202702703,0.12,0.3513513514,-0.37,0.4662162162,0.52,0.4009009009,1413722.351,0.4009009009,1723050,0.6981981982,1382333.898,0.6981981982,31388.45249,0.1689189189
"Naz Reid, C",MIN,30,16.5,-0.32,0.4684684685,0.06,0.3671171171,-0.26,0.4346846847,0.27,0.4977477477,734048.1437,0.4977477477,898310,0.9166666667,720678.0791,0.9166666667,13370.06459,0.1711711712
"Patrick Patterson, PF",LAC,51,11.9,0,0.3468468468,0.11,0.3558558559,0.12,0.3423423423,0.48,0.4211711712,1304974.478,0.4211711712,1620564,0.7297297297,1300113.492,0.7297297297,4860.986133,0.1734234234
"LeBron James, SF",LAL,60,34.9,4.57,0.006756756757,2.3,0.009009009009,6.86,0.004504504505,11.04,0.004504504505,30014412.99,0.004504504505,37436858,0.01126126126,30034089.47,0.01126126126,-19676.48278,0.1756756757
"Anzejs Pasecniks, C",WSH,24,16.9,-0.15,0.4121621622,-0.42,0.5923423423,-0.57,0.5112612613,0.13,0.5585585586,353430.5877,0.5585585586,482144,0.9842342342,386804.791,0.9842342342,-33374.20326,0.1779279279
"DeMarre Carroll, SF",HOU/SA,21,11,-0.08,0.3963963964,-0.14,0.4527027027,-0.21,0.4189189189,0.12,0.5608108108,326243.6194,0.5608108108,512721,0.9797297297,411335.4915,0.9797297297,-85091.87211,0.1801801802
"Hamidou Diallo, SG",OKC,38,18.4,-0.94,0.7027027027,0.66,0.1824324324,-0.28,0.4391891892,0.36,0.4436936937,978730.8582,0.4436936937,1416852,0.8468468468,1136683.525,0.8468468468,-157952.6672,0.1824324324
"Dion Waiters, SG",MIA,3,14,1.13,0.1418918919,-0.4,0.5878378378,0.73,0.1869369369,0.05,0.5968468468,135934.8414,0.5968468468,375385,0.9932432432,301156.3277,0.9932432432,-165221.4863,0.1846846847
"Matisse Thybulle, SG",PHI,57,19.5,-0.75,0.6283783784,0.67,0.1756756757,-0.08,0.3918918919,0.7,0.3423423423,1903087.78,0.3423423423,2582160,0.5855855856,2071563.39,0.5855855856,-168475.6099,0.1869369369
"Norman Powell, SG",TOR,44,28.8,1.35,0.1058558559,0.93,0.1216216216,2.28,0.04504504505,2.9,0.08108108108,7884220.803,0.08108108108,10116576,0.2522522523,8116123.119,0.2522522523,-231902.3161,0.1891891892
"Javonte Green, SG",BOS,44,9.4,0.25,0.2972972973,-0.67,0.7545045045,-0.42,0.4864864865,0.17,0.5382882883,462178.4608,0.5382882883,898310,0.9166666667,720678.0791,0.9166666667,-258499.6183,0.1914414414
"Caleb Martin, SF",CHA,18,17.6,-0.85,0.6711711712,0.67,0.1756756757,-0.18,0.4121621622,0.17,0.5382882883,462178.4608,0.5382882883,898310,0.9166666667,720678.0791,0.9166666667,-258499.6183,0.1914414414
"Vince Carter, SG",ATL,60,14.6,-0.72,0.6193693694,0.32,0.2657657658,-0.39,0.4707207207,0.38,0.4369369369,1033104.795,0.4369369369,1620564,0.7297297297,1300113.492,0.7297297297,-267008.6967,0.1959459459
"Justin James, SG",SAC,34,6.4,0.37,0.2725225225,-0.36,0.5540540541,0.01,0.3581081081,0.16,0.5495495495,434991.4926,0.5495495495,898310,0.9166666667,720678.0791,0.9166666667,-285686.5865,0.1981981982
"OG Anunoby, SF",TOR,63,30.1,-1.26,0.8423423423,0.68,0.1734234234,-0.59,0.527027027,0.56,0.3851351351,1522470.224,0.3851351351,2281800,0.6283783784,1830596.61,0.6283783784,-308126.3862,0.2004504505
"Juan Toscano-Anderson, SF",GS,13,20.9,-1.37,0.8738738739,0.29,0.2792792793,-1.08,0.6599099099,-0.01,0.6734234234,-27186.96828,0.6734234234,350189,0.9954954955,280942.5876,0.9954954955,-308129.5559,0.2027027027
"David Nwaba, SG",BKN,20,13.4,0.8,0.1801801802,0.15,0.3423423423,0.94,0.1554054054,0.37,0.4414414414,1005917.827,0.4414414414,1678854,0.7072072072,1346877.22,0.7072072072,-340959.3938,0.204954955
"Jordan McRae, SG",DEN/DET/WSH,37,21.2,1.19,0.1396396396,-1.54,0.9301801802,-0.36,0.463963964,0.36,0.4436936937,978730.8582,0.4436936937,1645357,0.7184684685,1320003.921,0.7184684685,-341273.0627,0.2072072072
"Marvin Williams, PF",MIL/CHA,52,19.4,-0.62,0.5608108108,-0.39,0.5765765766,-1,0.6441441441,0.02,0.6171171171,54373.93657,0.6171171171,604278,0.9684684685,484788,0.9684684685,-430414.0634,0.2094594595
"Isaiah Hartenstein, C",HOU,23,11.6,0.76,0.1846846847,-0.49,0.6486486486,0.28,0.2972972973,0.24,0.5112612613,652487.2388,0.5112612613,1416852,0.8468468468,1136683.525,0.8468468468,-484196.2866,0.2117117117
"Alec Burks, SG",GS/PHI,59,27.3,-0.15,0.4121621622,-0.61,0.7252252252,-0.75,0.5810810811,0.3,0.4774774775,815609.0485,0.4774774775,1620564,0.7297297297,1300113.492,0.7297297297,-484504.443,0.213963964
"Spencer Dinwiddie, PG",BKN,64,31.2,2.08,0.06531531532,-0.93,0.8445945946,1.15,0.1351351351,2.95,0.07657657658,8020155.644,0.07657657658,10605600,0.2454954955,8508447.458,0.2454954955,-488291.8137,0.2162162162
"Cody Martin, SF",CHA,48,18.8,-0.46,0.5067567568,-0.3,0.5292792793,-0.75,0.5810810811,0.16,0.5495495495,434991.4926,0.5495495495,1173310,0.9076576577,941299.548,0.9076576577,-506308.0555,0.2184684685
"Mike Muscala, PF",OKC,41,12,-0.55,0.5405405405,0.76,0.1576576577,0.21,0.3243243243,0.4,0.4301801802,1087478.731,0.4301801802,2028594,0.6509009009,1627459.593,0.6509009009,-539980.8618,0.2207207207
"Rayjon Tucker, SG",UTAH,14,5.6,-1.29,0.8536036036,-0.36,0.5540540541,-1.65,0.8400900901,-0.03,0.7117117117,-81560.90485,0.7117117117,578573,0.972972973,464165.9096,0.972972973,-545726.8145,0.222972973
"Alen Smailagic, PF",GS,14,9.9,0.07,0.3355855856,-0.48,0.6396396396,-0.4,0.4774774775,0.06,0.5878378378,163121.8097,0.5878378378,898310,0.9166666667,720678.0791,0.9166666667,-557556.2694,0.2252252252
"Trey Burke, PG",PHI,25,13.2,0.25,0.2972972973,0.04,0.3761261261,0.29,0.295045045,0.27,0.4977477477,734048.1437,0.4977477477,1620564,0.7297297297,1300113.492,0.7297297297,-566065.3478,0.2274774775
"Malik Beasley, SG",DEN/MIN,55,22,0.72,0.1981981982,-1.03,0.8626126126,-0.31,0.4436936937,0.59,0.3761261261,1604031.129,0.3761261261,2731714,0.5675675676,2191544.565,0.5675675676,-587513.4362,0.2297297297
"Ryan Broekhoff, SG",DAL,17,10.6,0.67,0.2094594595,-0.09,0.4369369369,0.59,0.2117117117,0.2,0.5315315315,543739.3657,0.5315315315,1416852,0.8468468468,1136683.525,0.8468468468,-592944.1597,0.231981982
"Juwan Morgan, SF",UTAH,16,4.6,-1.02,0.731981982,-0.03,0.4121621622,-1.05,0.6509009009,0,0.6396396396,0,0.6396396396,746054,0.9617117117,598529.1977,0.9617117117,-598529.1977,0.2342342342
"J.J. Barea, PG",DAL,26,15,0.81,0.1779279279,-0.87,0.8265765766,-0.07,0.3806306306,0.25,0.509009009,679674.2071,0.509009009,1620564,0.7297297297,1300113.492,0.7297297297,-620439.2844,0.2364864865
"Tony Bradley, C",UTAH,50,10.7,0.55,0.231981982,-0.6,0.713963964,-0.05,0.3761261261,0.35,0.4527027027,951543.89,0.4527027027,1962360,0.6711711712,1574322.712,0.6711711712,-622778.8219,0.2387387387
"Nicolas Claxton, PF",BKN,15,12.5,-0.59,0.5540540541,-0.23,0.5,-0.82,0.5945945946,0.03,0.6126126126,81560.90485,0.6126126126,898310,0.9166666667,720678.0791,0.9166666667,-639117.1742,0.240990991
"Chris Silva, PF",MIA,41,7.5,-0.19,0.4256756757,-1.34,0.9099099099,-1.53,0.8040540541,-0.1,0.7567567568,-271869.6828,0.7567567568,466918,0.9864864865,374589.5819,0.9864864865,-646459.2648,0.2432432432
"Lonzo Ball, PG",NO,56,32.4,0.75,0.1869369369,0.06,0.3671171171,0.81,0.1734234234,2.33,0.1193693694,6334563.61,0.1193693694,8719320,0.295045045,6995160.678,0.295045045,-660597.0677,0.2454954955
"Jaylen Nowell, SG",MIN,15,10.1,0.37,0.2725225225,0.01,0.3896396396,0.37,0.2657657658,0.15,0.5540540541,407804.5243,0.5540540541,1400000,0.8963963964,1123163.842,0.8963963964,-715359.3175,0.2477477477
"Jalen Lecque, PG",PHX,4,6.5,-0.67,0.5990990991,-0.51,0.6644144144,-1.17,0.6959459459,0,0.6396396396,0,0.6396396396,898310,0.9166666667,720678.0791,0.9166666667,-720678.0791,0.25
"Dewan Hernandez, C",TOR,4,2.8,-1.04,0.7454954955,-0.5,0.6554054054,-1.54,0.8063063063,0,0.6396396396,0,0.6396396396,898310,0.9166666667,720678.0791,0.9166666667,-720678.0791,0.25
"Miye Oni, SG",UTAH,5,2.2,-1.08,0.7635135135,-0.52,0.6779279279,-1.6,0.8198198198,0,0.6396396396,0,0.6396396396,898310,0.9166666667,720678.0791,0.9166666667,-720678.0791,0.25
"Stanton Kidd, SF",UTAH,4,3.8,-0.96,0.7094594595,-0.44,0.6081081081,-1.4,0.7702702703,0,0.6396396396,0,0.6396396396,898310,0.9166666667,720678.0791,0.9166666667,-720678.0791,0.25
"Richaun Holmes, C",SAC,39,28.9,-1.12,0.795045045,1.64,0.03603603604,0.52,0.231981982,1.14,0.25,3099314.384,0.25,4767000,0.4189189189,3824372.881,0.4189189189,-725058.4969,0.259009009
"Jeff Green, PF",HOU/UTAH,40,18.9,-0.36,0.4864864865,-0.94,0.8468468468,-1.3,0.7454954955,-0.14,0.768018018,-380617.556,0.768018018,439475,0.9887387387,352573.1638,0.9887387387,-733190.7198,0.2612612613
"Vlatko Cancar, SF",DEN,14,3.2,-1.03,0.740990991,-0.46,0.6261261261,-1.5,0.7995495495,-0.01,0.6734234234,-27186.96828,0.6734234234,898310,0.9166666667,720678.0791,0.9166666667,-747865.0474,0.2635135135
"KZ Okpala, SF",MIA,5,5.2,-1.09,0.777027027,-0.51,0.6644144144,-1.6,0.8198198198,-0.01,0.6734234234,-27186.96828,0.6734234234,898310,0.9166666667,720678.0791,0.9166666667,-747865.0474,0.2635135135
"Ignas Brazdeikis, SF",NY,9,5.9,-0.71,0.6171171171,-0.66,0.740990991,-1.37,0.7635135135,-0.01,0.6734234234,-27186.96828,0.6734234234,898310,0.9166666667,720678.0791,0.9166666667,-747865.0474,0.2635135135
"Justin Robinson, PG",WSH,9,5.4,-0.97,0.713963964,-0.38,0.5630630631,-1.35,0.759009009,-0.01,0.6734234234,-27186.96828,0.6734234234,898310,0.9166666667,720678.0791,0.9166666667,-747865.0474,0.2635135135
"Cheick Diallo, PF",PHX,44,10.6,-0.02,0.3626126126,-0.35,0.5427927928,-0.38,0.4684684685,0.21,0.527027027,570926.334,0.527027027,1678854,0.7072072072,1346877.22,0.7072072072,-775950.8864,0.2725225225
"Jalen McDaniels, PF",CHA,16,18.3,-1.17,0.8153153153,-0.04,0.4189189189,-1.21,0.7117117117,-0.03,0.7117117117,-81560.90485,0.7117117117,898310,0.9166666667,720678.0791,0.9166666667,-802238.9839,0.2747747748
"Jakob Poeltl, C",SA,58,16.6,0.4,0.2612612613,-0.24,0.5022522523,0.16,0.3355855856,0.79,0.3220720721,2147770.494,0.3220720721,3754886,0.4887387387,3012394.418,0.4887387387,-864623.9236,0.277027027
"Alfonzo McKinnie, SF",CLE,40,14.8,-0.06,0.3828828829,-0.67,0.7545045045,-0.73,0.5698198198,0.12,0.5608108108,326243.6194,0.5608108108,1500000,0.8243243243,1203389.831,0.8243243243,-877146.2111,0.2792792793
"Fred VanVleet, SG",TOR,48,35.8,0.73,0.1959459459,0.33,0.2612612613,1.07,0.1463963964,2.43,0.1126126126,6606433.293,0.1126126126,9346153,0.277027027,7498043.65,0.277027027,-891610.3566,0.2815315315
"Luke Kennard, SG",DET,28,32.9,0.16,0.3153153153,0.16,0.3400900901,0.32,0.2905405405,0.79,0.3220720721,2147770.494,0.3220720721,3827160,0.4842342342,3070376.949,0.4842342342,-922606.4547,0.2837837838
"Admiral Schofield, SG",WSH,27,10.9,-0.66,0.5945945946,-0.62,0.731981982,-1.29,0.740990991,-0.05,0.7432432432,-135934.8414,0.7432432432,1000000,0.9121621622,802259.887,0.9121621622,-938194.7284,0.286036036
"Enes Kanter, C",BOS,51,17.5,0.69,0.204954955,0.09,0.3581081081,0.78,0.1801801802,1.06,0.259009009,2881818.638,0.259009009,4767000,0.4189189189,3824372.881,0.4189189189,-942554.2432,0.2882882883
"Avery Bradley, PG",LAL,49,24.2,-1.44,0.8873873874,1.71,0.03153153153,0.27,0.3040540541,1.04,0.2635135135,2827444.702,0.2635135135,4767000,0.4189189189,3824372.881,0.4189189189,-996928.1798,0.2905405405
"Grayson Allen, SG",MEM,30,16.6,1.2,0.1351351351,-1.21,0.8941441441,-0.01,0.3671171171,0.35,0.4527027027,951543.89,0.4527027027,2429400,0.6058558559,1949010.169,0.6058558559,-997466.2795,0.2927927928
"Norvel Pelle, SF",PHI,20,8.9,-1.91,0.9481981982,-1.52,0.9279279279,-3.43,0.9932432432,-0.28,0.8423423423,-761235.112,0.8423423423,350189,0.9954954955,280942.5876,0.9954954955,-1042177.7,0.295045045
"Jevon Carter, PG",PHX,50,15.1,-1.59,0.9076576577,0.62,0.1936936937,-0.97,0.6328828829,0.03,0.6126126126,81560.90485,0.6126126126,1416852,0.8468468468,1136683.525,0.8468468468,-1055122.621,0.2972972973
"Kyle O'Quinn, C",PHI,26,9.9,0.75,0.1869369369,-1.21,0.8941441441,-0.46,0.4977477477,0.09,0.5720720721,244682.7146,0.5720720721,1620564,0.7297297297,1300113.492,0.7297297297,-1055430.777,0.2995495495
"Moritz Wagner, SF",WSH,37,19.1,0.32,0.2837837838,-0.91,0.8333333333,-0.58,0.5202702703,0.22,0.5225225225,598113.3023,0.5225225225,2063520,0.6463963964,1655479.322,0.6463963964,-1057366.02,0.3018018018
"Dejounte Murray, PG",SA,58,24.9,-0.27,0.4572072072,-0.46,0.6261261261,-0.73,0.5698198198,0.29,0.481981982,788422.0803,0.481981982,2321735,0.6216216216,1862634.859,0.6216216216,-1074212.779,0.3040540541
"Michael Kidd-Gilchrist, SF",DAL/CHA,21,11,-2.1,0.9572072072,-0.38,0.5630630631,-2.48,0.9481981982,-0.22,0.8108108108,-598113.3023,0.8108108108,595122,0.9707207207,477442.5085,0.9707207207,-1075555.811,0.3063063063
"Josh Okogie, SG",MIN,62,25,-0.58,0.5472972973,-0.12,0.4481981982,-0.7,0.5630630631,0.35,0.4527027027,951543.89,0.4527027027,2530680,0.5945945946,2030263.051,0.5945945946,-1078719.161,0.3085585586
"Timothe Luwawu-Cabarrot, SG",BKN,39,17.2,-1.22,0.8243243243,-0.26,0.509009009,-1.48,0.795045045,-0.21,0.7995495495,-570926.334,0.7995495495,654469,0.963963964,525054.226,0.963963964,-1095980.56,0.3108108108
"Chimezie Metu, PF",SA,16,4.6,-0.52,0.5337837838,-0.39,0.5765765766,-0.91,0.6148648649,0.01,0.6306306306,27186.96828,0.6306306306,1416852,0.8468468468,1136683.525,0.8468468468,-1109496.557,0.3130630631
"Iman Shumpert, SG",BKN,13,18.5,-0.79,0.6441441441,-0.2,0.4797297297,-0.99,0.6373873874,0.01,0.6306306306,27186.96828,0.6306306306,1419138,0.8445945946,1138517.492,0.8445945946,-1111330.523,0.3153153153
"Dragan Bender, SF",GS/MIL,16,17.9,-0.33,0.472972973,-0.29,0.5225225225,-0.62,0.5337837838,0.08,0.5833333333,217495.7463,0.5833333333,1678854,0.7072072072,1346877.22,0.7072072072,-1129381.474,0.3175675676
"Thanasis Antetokounmpo, SF",MIL,18,5.2,-0.14,0.4076576577,-0.83,0.8153153153,-0.97,0.6328828829,0,0.6396396396,0,0.6396396396,1445697,0.8333333333,1159824.712,0.8333333333,-1159824.712,0.3198198198
"Khyri Thomas, SG",DET,8,7.6,-0.8,0.6509009009,-0.5,0.6554054054,-1.3,0.7454954955,-0.01,0.6734234234,-27186.96828,0.6734234234,1416852,0.8468468468,1136683.525,0.8468468468,-1163870.494,0.3220720721
"Alize Johnson, PF",IND,13,4.2,-1.04,0.7454954955,-0.28,0.5202702703,-1.32,0.75,-0.01,0.6734234234,-27186.96828,0.6734234234,1416852,0.8468468468,1136683.525,0.8468468468,-1163870.494,0.3220720721
"Melvin Frazier Jr., SG",ORL,15,3.4,-0.69,0.6103603604,-0.55,0.6936936937,-1.24,0.7184684685,-0.01,0.6734234234,-27186.96828,0.6734234234,1416852,0.8468468468,1136683.525,0.8468468468,-1163870.494,0.3220720721
"JaKarr Sampson, SF",IND,26,13.1,-1.08,0.7635135135,0.21,0.3130630631,-0.87,0.6013513514,0.04,0.6013513514,108747.8731,0.6013513514,1620564,0.7297297297,1300113.492,0.7297297297,-1191365.618,0.3288288288
"Isaiah Roby, SF",OKC,3,3.7,-0.9,0.6891891892,-0.48,0.6396396396,-1.38,0.768018018,0,0.6396396396,0,0.6396396396,1500000,0.8243243243,1203389.831,0.8243243243,-1203389.831,0.3310810811
"Jarred Vanderbilt, PF",DEN/MIN,11,4.2,-1.33,0.8693693694,-0.73,0.7792792793,-2.07,0.9144144144,-0.03,0.7117117117,-81560.90485,0.7117117117,1416852,0.8468468468,1136683.525,0.8468468468,-1218244.43,0.3333333333
"Rodions Kurucs, SF",BKN,39,12.8,-0.59,0.5540540541,-0.31,0.5315315315,-0.9,0.6103603604,0.05,0.5968468468,135934.8414,0.5968468468,1699236,0.7027027027,1363228.881,0.7027027027,-1227294.04,0.3355855856
"Nigel Williams-Goss, PG",UTAH,9,3.1,-1.38,0.8783783784,-0.25,0.5045045045,-1.62,0.8288288288,-0.01,0.6734234234,-27186.96828,0.6734234234,1500000,0.8243243243,1203389.831,0.8243243243,-1230576.799,0.3378378378
"Bruno Caboclo, SF",HOU/MEM,27,8.1,-0.49,0.5202702703,0.04,0.3761261261,-0.44,0.4954954955,0.09,0.5720720721,244682.7146,0.5720720721,1845301,0.6891891892,1480410.972,0.6891891892,-1235728.257,0.3400900901
"Willy Hernangomez, C",CHA,31,12.1,-0.05,0.3783783784,-0.8,0.8018018018,-0.85,0.5990990991,0.04,0.6013513514,108747.8731,0.6013513514,1676735,0.713963964,1345177.232,0.713963964,-1236429.359,0.3423423423
"Theo Pinson, SG",BKN,33,11.1,-0.68,0.6058558559,-0.46,0.6261261261,-1.14,0.6846846847,-0.03,0.7117117117,-81560.90485,0.7117117117,1445697,0.8333333333,1159824.712,0.8333333333,-1241385.617,0.3445945946
"Deonte Burton, SG",OKC,34,8.4,-0.91,0.6936936937,-0.38,0.5630630631,-1.29,0.740990991,-0.05,0.7432432432,-135934.8414,0.7432432432,1416852,0.8468468468,1136683.525,0.8468468468,-1272618.367,0.3468468468
"Malcolm Miller, SG",TOR,25,5,-0.67,0.5990990991,-0.31,0.5315315315,-0.99,0.6373873874,0,0.6396396396,0,0.6396396396,1588231,0.8130630631,1274174.023,0.8130630631,-1274174.023,0.3490990991
"Omari Spellman, PF",GS,49,18.1,-0.89,0.6846846847,0.02,0.3851351351,-0.87,0.6013513514,0.09,0.5720720721,244682.7146,0.5720720721,1897800,0.6846846847,1522528.814,0.6846846847,-1277846.099,0.3513513514
"Reggie Bullock, SG",NY,29,23.6,0.66,0.213963964,-0.02,0.4054054054,0.64,0.1981981982,0.71,0.3400900901,1930274.748,0.3400900901,4000000,0.4707207207,3209039.548,0.4707207207,-1278764.8,0.3536036036
"Amile Jefferson, PF",ORL,18,4.1,-1.38,0.8783783784,-0.02,0.4054054054,-1.4,0.7702702703,-0.02,0.7027027027,-54373.93657,0.7027027027,1529007,0.8220720721,1226660.983,0.8220720721,-1281034.92,0.3558558559
"Ky Bowman, PG",GS,45,22.6,-1.74,0.9369369369,0.17,0.3310810811,-1.57,0.8085585586,-0.37,0.8671171171,-1005917.827,0.8671171171,350189,0.9954954955,280942.5876,0.9954954955,-1286860.414,0.3581081081
"Ryan Anderson, PF",HOU,2,7,-0.47,0.5112612613,-0.36,0.5540540541,-0.83,0.5968468468,0,0.6396396396,0,0.6396396396,1620564,0.7297297297,1300113.492,0.7297297297,-1300113.492,0.3603603604
"Udonis Haslem, PF",MIA,3,7,-0.76,0.6351351351,-0.42,0.5923423423,-1.17,0.6959459459,0,0.6396396396,0,0.6396396396,1620564,0.7297297297,1300113.492,0.7297297297,-1300113.492,0.3603603604
"Justin Patton, C",OKC,5,4.8,-0.77,0.6373873874,-0.43,0.6036036036,-1.2,0.7072072072,0,0.6396396396,0,0.6396396396,1620564,0.7297297297,1300113.492,0.7297297297,-1300113.492,0.3603603604
"Carsen Edwards, PG",BOS,35,9,-1.05,0.7545045045,-0.52,0.6779279279,-1.57,0.8085585586,-0.12,0.7635135135,-326243.6194,0.7635135135,1228026,0.9054054054,985196,0.9054054054,-1311439.619,0.3671171171
"Tyson Chandler, C",HOU,26,8.4,-1.04,0.7454954955,-0.08,0.4324324324,-1.12,0.6801801802,-0.01,0.6734234234,-27186.96828,0.6734234234,1620564,0.7297297297,1300113.492,0.7297297297,-1327300.46,0.3693693694
"Jordan Bell, F",MIN/MEM,29,8.8,-0.17,0.4189189189,-0.91,0.8333333333,-1.08,0.6599099099,-0.01,0.6734234234,-27186.96828,0.6734234234,1620564,0.7297297297,1300113.492,0.7297297297,-1327300.46,0.3693693694
"Tyrone Wallace, SG",ATL,14,11.4,-0.64,0.5788288288,-0.61,0.7252252252,-1.25,0.7297297297,-0.02,0.7027027027,-54373.93657,0.7027027027,1588231,0.8130630631,1274174.023,0.8130630631,-1328547.959,0.3738738739
"Jonah Bolden, PF",PHI/PHX,7,6.7,-0.84,0.6621621622,-0.26,0.509009009,-1.1,0.6711711712,0,0.6396396396,0,0.6396396396,1698450,0.704954955,1362598.305,0.704954955,-1362598.305,0.3761261261
"Terance Mann, SG",LAC,35,7.7,-1.08,0.7635135135,-1.11,0.8783783784,-2.2,0.9369369369,-0.21,0.7995495495,-570926.334,0.7995495495,1000000,0.9121621622,802259.887,0.9121621622,-1373186.221,0.3783783784
"Keldon Johnson, SF",SA,9,10.2,0.3,0.2927927928,-0.26,0.509009009,0.04,0.3513513514,0.07,0.5855855856,190308.778,0.5855855856,1950600,0.6734234234,1564888.136,0.6734234234,-1374579.358,0.3806306306
"Raul Neto, PG",PHI,49,11.5,-1.07,0.7612612613,-0.03,0.4121621622,-1.1,0.6711711712,-0.03,0.7117117117,-81560.90485,0.7117117117,1620564,0.7297297297,1300113.492,0.7297297297,-1381674.396,0.3828828829
"Robert Williams III, C",BOS,23,14,-0.74,0.6238738739,0.01,0.3896396396,-0.74,0.5765765766,0.06,0.5878378378,163121.8097,0.5878378378,1937520,0.6779279279,1554394.576,0.6779279279,-1391272.767,0.3851351351
"Lonnie Walker IV, SG",SA,53,14.5,-0.01,0.3513513514,-0.48,0.6396396396,-0.49,0.5045045045,0.28,0.4887387387,761235.112,0.4887387387,2689920,0.5698198198,2158014.915,0.5698198198,-1396779.803,0.3873873874
"Chandler Hutchison, SF",CHI,28,18.8,0.59,0.222972973,-1.15,0.8828828829,-0.57,0.5112612613,0.17,0.5382882883,462178.4608,0.5382882883,2332320,0.6171171171,1871126.78,0.6171171171,-1408948.319,0.3896396396
"Robert Covington, PF",HOU/MIN,62,30.1,0.4,0.2612612613,0.76,0.1576576577,1.16,0.1328828829,2.8,0.09009009009,7612351.12,0.09009009009,11301219,0.2364864865,9066514.678,0.2364864865,-1454163.558,0.3918918919
"Rajon Rondo, PG",LAL,48,20.5,-0.02,0.3626126126,-0.67,0.7545045045,-0.69,0.5608108108,0.22,0.5225225225,598113.3023,0.5225225225,2564753,0.5900900901,2057598.452,0.5900900901,-1459485.15,0.3941441441
"Thabo Sefolosha, SF",HOU,41,10.6,-0.87,0.6779279279,-0.37,0.5608108108,-1.24,0.7184684685,-0.06,0.75,-163121.8097,0.75,1620564,0.7297297297,1300113.492,0.7297297297,-1463235.301,0.3963963964
"Edmond Sumner, PG",IND,25,13.8,-0.03,0.3693693694,-0.84,0.8198198198,-0.87,0.6013513514,0.04,0.6013513514,108747.8731,0.6013513514,2000000,0.6554054054,1604519.774,0.6554054054,-1495771.901,0.3986486486
"Jahlil Okafor, C",NO,28,15.1,-0.25,0.4504504505,-0.94,0.8468468468,-1.19,0.704954955,-0.05,0.7432432432,-135934.8414,0.7432432432,1702486,0.7004504505,1365836.226,0.7004504505,-1501771.067,0.4009009009
"Dzanan Musa, SG",BKN,35,11.5,0.17,0.3130630631,-1.15,0.8828828829,-0.99,0.6373873874,0.01,0.6306306306,27186.96828,0.6306306306,1911600,0.6824324324,1533600,0.6824324324,-1506413.032,0.4031531532
"Joe Harris, SF",BKN,63,30.9,-0.03,0.3693693694,0.28,0.2815315315,0.25,0.3108108108,1.7,0.1801801802,4621784.608,0.1801801802,7666667,0.3355855856,6150659.401,0.3355855856,-1528874.793,0.4054054054
"Mfiondu Kabengele, PF",LAC,12,5.3,0.38,0.2702702703,-0.78,0.7995495495,-0.4,0.4774774775,0.02,0.6171171171,54373.93657,0.6171171171,1977000,0.6644144144,1586067.797,0.6644144144,-1531693.86,0.4076576577
"Wenyen Gabriel, PF",POR/SAC,28,7.5,-1.26,0.8423423423,-0.73,0.7792792793,-1.98,0.9054054054,-0.14,0.768018018,-380617.556,0.768018018,1445697,0.8333333333,1159824.712,0.8333333333,-1540442.268,0.4099099099
"Isaiah Thomas, PG",WSH,40,23.1,1.61,0.09234234234,-2.78,0.9932432432,-1.17,0.6959459459,-0.09,0.7522522523,-244682.7146,0.7522522523,1620564,0.7297297297,1300113.492,0.7297297297,-1544796.206,0.4121621622
"Noah Vonleh, PF",DEN/MIN,33,11,-1.12,0.795045045,0.18,0.3243243243,-0.94,0.6261261261,0.02,0.6171171171,54373.93657,0.6171171171,2000000,0.6554054054,1604519.774,0.6554054054,-1550145.837,0.4144144144
"Derrick Walton Jr., G",DET/LAC,26,9.5,-1.3,0.8581081081,-0.64,0.7342342342,-1.94,0.8941441441,-0.15,0.7725225225,-407804.5243,0.7725225225,1445697,0.8333333333,1159824.712,0.8333333333,-1567629.236,0.4166666667
"Kenrich Williams, SG",NO,35,22.3,-1.72,0.9279279279,0.39,0.240990991,-1.33,0.7522522523,-0.16,0.7815315315,-434991.4926,0.7815315315,1416852,0.8468468468,1136683.525,0.8468468468,-1571675.018,0.4189189189
"Derrick Rose, PG",DET,50,26,1.88,0.08108108108,-1.08,0.8716216216,0.8,0.1756756757,1.57,0.2094594595,4268354.021,0.2094594595,7317073,0.3445945946,5870194.158,0.3445945946,-1601840.138,0.4211711712
"Wes Iwundu, SF",ORL,45,18,-1.59,0.9076576577,0.34,0.2567567568,-1.24,0.7184684685,-0.12,0.7635135135,-326243.6194,0.7635135135,1618420,0.8085585586,1298393.446,0.8085585586,-1624637.066,0.4234234234
"Torrey Craig, SF",DEN,50,17.4,-0.74,0.6238738739,-0.35,0.5427927928,-1.08,0.6599099099,-0.03,0.7117117117,-81560.90485,0.7117117117,2000000,0.6554054054,1604519.774,0.6554054054,-1686080.679,0.4256756757
"Semi Ojeleye, PF",BOS,61,14.6,-2.28,0.9684684685,1,0.1013513514,-1.28,0.7387387387,-0.15,0.7725225225,-407804.5243,0.7725225225,1618520,0.7905405405,1298473.672,0.7905405405,-1706278.197,0.4279279279
"Tim Frazier, PG",DET,27,13.1,-1.21,0.8198198198,-0.46,0.6261261261,-1.67,0.8468468468,-0.15,0.7725225225,-407804.5243,0.7725225225,1620564,0.7297297297,1300113.492,0.7297297297,-1707918.016,0.4301801802
"Monte Morris, PG",DEN,65,21.6,-0.64,0.5788288288,-0.57,0.704954955,-1.21,0.7117117117,-0.16,0.7815315315,-434991.4926,0.7815315315,1588231,0.8130630631,1274174.023,0.8130630631,-1709165.515,0.4324324324
"Boban Marjanovic, C",DAL,37,9.1,0.69,0.204954955,0.03,0.3806306306,0.72,0.1891891892,0.39,0.4324324324,1060291.763,0.4324324324,3500000,0.5112612613,2807909.605,0.5112612613,-1747617.841,0.4346846847
"Ante Zizic, C",CLE,22,10,-0.62,0.5608108108,-0.27,0.5157657658,-0.89,0.6081081081,0.02,0.6171171171,54373.93657,0.6171171171,2281800,0.6283783784,1830596.61,0.6283783784,-1776222.674,0.4369369369
"Dwayne Bacon, SG",CHA,39,17.6,-1.5,0.8963963964,0.08,0.3603603604,-1.43,0.7837837838,-0.18,0.7905405405,-489365.4291,0.7905405405,1618520,0.7905405405,1298473.672,0.7905405405,-1787839.101,0.4391891892
"George Hill, PG",MIL,52,21.2,1.89,0.07882882883,-0.22,0.490990991,1.67,0.09009009009,2.03,0.1463963964,5518954.562,0.1463963964,9133907,0.286036036,7327767.198,0.286036036,-1808812.636,0.4414414414
"T.J. McConnell, PG",IND,63,18.9,-0.53,0.536036036,-0.04,0.4189189189,-0.57,0.5112612613,0.36,0.4436936937,978730.8582,0.4436936937,3500000,0.5112612613,2807909.605,0.5112612613,-1829178.746,0.4436936937
"Quinn Cook, PG",LAL,38,10.8,0.06,0.3378378378,-0.32,0.536036036,-0.27,0.4369369369,0.21,0.527027027,570926.334,0.527027027,3000000,0.5427927928,2406779.661,0.5427927928,-1835853.327,0.4459459459
"JaVale McGee, C",LAL,61,16.8,-1.25,0.8378378378,0.93,0.1216216216,-0.32,0.4504504505,0.49,0.4099099099,1332161.446,0.4099099099,4000000,0.4707207207,3209039.548,0.4707207207,-1876878.102,0.4481981982
"Jared Dudley, SF",LAL,40,7.8,-2.38,0.981981982,0.28,0.2815315315,-2.1,0.9211711712,-0.22,0.8108108108,-598113.3023,0.8108108108,1620564,0.7297297297,1300113.492,0.7297297297,-1898226.794,0.4504504505
"Skal Labissiere, PF",POR,33,17.2,-0.62,0.5608108108,-0.44,0.6081081081,-1.06,0.6576576577,-0.01,0.6734234234,-27186.96828,0.6734234234,2338847,0.6148648649,1876363.13,0.6148648649,-1903550.098,0.4527027027
"Luke Kornet, PF",CHI,36,15.5,-0.18,0.4234234234,-0.96,0.8558558559,-1.14,0.6846846847,-0.04,0.7342342342,-108747.8731,0.7342342342,2250000,0.6328828829,1805084.746,0.6328828829,-1913832.619,0.454954955
"Denzel Valentine, SG",CHI,36,13.6,0.45,0.2477477477,-0.6,0.713963964,-0.15,0.4054054054,0.29,0.481981982,788422.0803,0.481981982,3377569,0.527027027,2709688.124,0.527027027,-1921266.044,0.4572072072
"Jake Layman, SF",MIN,23,22,0.41,0.259009009,-0.48,0.6396396396,-0.07,0.3806306306,0.35,0.4527027027,951543.89,0.4527027027,3581986,0.4977477477,2873683.684,0.4977477477,-1922139.794,0.4594594595
"Bruno Fernando, PF",ATL,56,12.7,-1.25,0.8378378378,-0.39,0.5765765766,-1.64,0.8355855856,-0.3,0.8445945946,-815609.0485,0.8445945946,1400000,0.8963963964,1123163.842,0.8963963964,-1938772.89,0.4617117117
"Emmanuel Mudiay, PG",UTAH,48,15.7,-0.22,0.4369369369,-1.28,0.9076576577,-1.49,0.7972972973,-0.24,0.8220720721,-652487.2388,0.8220720721,1620564,0.7297297297,1300113.492,0.7297297297,-1952600.73,0.463963964
"Alex Len, C",ATL/SAC,49,18.3,-0.25,0.4504504505,0.01,0.3896396396,-0.23,0.4279279279,0.49,0.4099099099,1332161.446,0.4099099099,4160000,0.4617117117,3337401.13,0.4617117117,-2005239.684,0.4662162162
"Jonathan Isaac, PF",ORL,32,29.7,-1.1,0.7882882883,1.59,0.03828828829,0.5,0.2387387387,0.96,0.2905405405,2609948.955,0.2905405405,5806440,0.3873873874,4658273.898,0.3873873874,-2048324.943,0.4684684685
"Vincent Poirier, C",BOS,21,5.4,-1.02,0.731981982,-0.55,0.6936936937,-1.57,0.8085585586,-0.04,0.7342342342,-108747.8731,0.7342342342,2505793,0.5968468468,2010297.209,0.5968468468,-2119045.082,0.4707207207
"Yogi Ferrell, PG",SAC,44,11,-0.63,0.5720720721,0.07,0.3626126126,-0.57,0.5112612613,0.15,0.5540540541,407804.5243,0.5540540541,3150000,0.5382882883,2527118.644,0.5382882883,-2119314.12,0.472972973
"Luka Samanic, PF",SA,1,12,-0.26,0.454954955,-0.21,0.4864864865,-0.47,0.5,0.01,0.6306306306,27186.96828,0.6306306306,2689920,0.5698198198,2158014.915,0.5698198198,-2130827.947,0.4752252252
"James Ennis III, SF",ORL/PHI,61,17.3,0.13,0.3220720721,-1.51,0.9256756757,-1.37,0.7635135135,-0.24,0.8220720721,-652487.2388,0.8220720721,1882867,0.6869369369,1510548.667,0.6869369369,-2163035.905,0.4774774775
"Trey Lyles, C",SA,63,20.2,-0.89,0.6846846847,0.82,0.1509009009,-0.07,0.3806306306,0.82,0.3175675676,2229331.399,0.3175675676,5500000,0.3941441441,4412429.379,0.3941441441,-2183097.979,0.4797297297
"Caleb Swanigan, PF",POR/SAC,27,10.7,-0.97,0.713963964,-1.13,0.8806306306,-2.09,0.9189189189,-0.21,0.7995495495,-570926.334,0.7995495495,2033160,0.6486486486,1631122.712,0.6486486486,-2202049.046,0.481981982
"Jerome Robinson, SG",LAC/WSH,55,13.6,-0.81,0.6576576577,0.23,0.2995495495,-0.58,0.5202702703,0.24,0.5112612613,652487.2388,0.5112612613,3567720,0.5022522523,2862238.644,0.5022522523,-2209751.405,0.4842342342
"Garrett Temple, SG",BKN,55,28.1,-0.94,0.7027027027,0.46,0.2252252252,-0.49,0.5045045045,0.58,0.3783783784,1576844.161,0.3783783784,4767000,0.4189189189,3824372.881,0.4189189189,-2247528.721,0.4864864865
"Keita Bates-Diop, SF",DEN/MIN,39,17.1,-0.7,0.6126126126,-1.22,0.8986486486,-1.93,0.8918918919,-0.41,0.8738738739,-1114665.7,0.8738738739,1416852,0.8468468468,1136683.525,0.8468468468,-2251349.225,0.4887387387
"Wilson Chandler, SF",BKN,35,21,-1.12,0.795045045,-0.6,0.713963964,-1.72,0.8536036036,-0.35,0.8626126126,-951543.89,0.8626126126,1620564,0.7297297297,1300113.492,0.7297297297,-2251657.381,0.490990991
"Treveon Graham, SG",ATL/MIN,55,16.9,-1.81,0.9414414414,0.21,0.3130630631,-1.6,0.8198198198,-0.36,0.8648648649,-978730.8582,0.8648648649,1645357,0.7184684685,1320003.921,0.7184684685,-2298734.779,0.4932432432
"Markieff Morris, PF",DET/LAL,52,21.3,-1.09,0.777027027,-0.38,0.5630630631,-1.47,0.7905405405,-0.33,0.8558558559,-897169.9534,0.8558558559,1750000,0.6936936937,1403954.802,0.6936936937,-2301124.756,0.4954954955
"Ty Jerome, SG",PHX,28,11.3,-1.37,0.8738738739,-0.59,0.7094594595,-1.96,0.8963963964,-0.2,0.795045045,-543739.3657,0.795045045,2193480,0.6351351351,1759741.017,0.6351351351,-2303480.383,0.4977477477
"James Harden, SG",HOU,61,36.7,5.51,0.002252252252,0.21,0.3130630631,5.71,0.006756756757,10.42,0.006756756757,28328820.95,0.006756756757,38199000,0.009009009009,30645525.42,0.009009009009,-2316704.471,0.5
"Cedi Osman, SF",CLE,65,29.4,-1.4,0.8828828829,0.35,0.2545045045,-1.05,0.6509009009,-0.02,0.7027027027,-54373.93657,0.7027027027,2907143,0.5540540541,2332284.215,0.5540540541,-2386658.151,0.5022522523
"Derrick Jones Jr., SF",MIA,51,24.5,-1.7,0.9256756757,0.19,0.3198198198,-1.51,0.8018018018,-0.4,0.8716216216,-1087478.731,0.8716216216,1645357,0.7184684685,1320003.921,0.7184684685,-2407482.652,0.5045045045
"Seth Curry, SG",DAL,59,24.5,1.13,0.1418918919,-0.8,0.8018018018,0.33,0.286036036,1.31,0.231981982,3561492.845,0.231981982,7461380,0.3378378378,5985965.876,0.3378378378,-2424473.03,0.5067567568
"Jaxson Hayes, C",NO,56,17,0.86,0.1689189189,-1.07,0.8671171171,-0.22,0.4211711712,0.54,0.3896396396,1468096.287,0.3896396396,4862040,0.4099099099,3900619.661,0.4099099099,-2432523.374,0.509009009
"Mike Scott, PF",PHI,63,17.8,-0.59,0.5540540541,0.24,0.295045045,-0.35,0.4617117117,0.51,0.4054054054,1386535.383,0.4054054054,4767000,0.4189189189,3824372.881,0.4189189189,-2437837.499,0.5112612613
"Terrance Ferguson, SF",OKC,50,23.4,-2.29,0.9707207207,1.04,0.09234234234,-1.25,0.7297297297,-0.17,0.786036036,-462178.4608,0.786036036,2475840,0.6036036036,1986267.119,0.6036036036,-2448445.579,0.5135135135
"Zhaire Smith, SG",PHI,7,4.6,-0.8,0.6509009009,-0.35,0.5427927928,-1.15,0.6891891892,0,0.6396396396,0,0.6396396396,3058800,0.5405405405,2453952.542,0.5405405405,-2453952.542,0.5157657658
"Nickeil Alexander-Walker, SG",NO,41,12.2,-0.07,0.3896396396,-1.03,0.8626126126,-1.1,0.6711711712,-0.03,0.7117117117,-81560.90485,0.7117117117,2964840,0.5495495495,2378572.203,0.5495495495,-2460133.108,0.518018018
"Cameron Johnson, SF",PHX,49,20.3,0.74,0.1914414414,-1.35,0.9121621622,-0.62,0.5337837838,0.28,0.4887387387,761235.112,0.4887387387,4033440,0.4662162162,3235867.119,0.4662162162,-2474632.007,0.5202702703
"Ryan Arcidiacono, PG",CHI,58,16,-1.11,0.7905405405,0.03,0.3806306306,-1.08,0.6599099099,-0.03,0.7117117117,-81560.90485,0.7117117117,3000000,0.5427927928,2406779.661,0.5427927928,-2488340.566,0.5225225225
"Nassir Little, SF",POR,48,11.9,-0.86,0.6734234234,-0.94,0.8468468468,-1.79,0.8738738739,-0.3,0.8445945946,-815609.0485,0.8445945946,2105520,0.6441441441,1689174.237,0.6441441441,-2504783.286,0.5247747748
"Mario Hezonja, SF",POR,47,16.3,-1.13,0.8040540541,-0.69,0.7635135135,-1.82,0.8761261261,-0.41,0.8738738739,-1114665.7,0.8738738739,1737145,0.6959459459,1393641.751,0.6959459459,-2508307.451,0.527027027
"Dario Saric, PF",PHX,58,24.8,-0.78,0.6418918919,-0.15,0.4594594595,-0.93,0.6238738739,0.1,0.5675675676,271869.6828,0.5675675676,3481986,0.5157657658,2793457.695,0.5157657658,-2521588.012,0.5292792793
"T.J. Leaf, PF",IND,25,7.7,-1.27,0.8513513514,-0.51,0.6644144144,-1.78,0.8693693694,-0.1,0.7567567568,-271869.6828,0.7567567568,2813280,0.5630630631,2256981.695,0.5630630631,-2528851.378,0.5315315315
"Elie Okobo, SF",PHX,54,13.1,-0.22,0.4369369369,-1.92,0.9752252252,-2.13,0.9301801802,-0.52,0.8941441441,-1413722.351,0.8941441441,1416852,0.8468468468,1136683.525,0.8468468468,-2550405.876,0.5337837838
"Patrick Beverley, PG",LAC,48,27.1,-0.54,0.5382882883,2.58,0.004504504505,2.04,0.06531531532,2.7,0.09684684685,7340481.437,0.09684684685,12345680,0.222972973,9904443.842,0.222972973,-2563962.405,0.536036036
"Tyler Herro, SG",MIA,47,27.2,-0.34,0.4774774775,-0.57,0.704954955,-0.91,0.6148648649,0.1,0.5675675676,271869.6828,0.5675675676,3640200,0.490990991,2920386.441,0.490990991,-2648516.758,0.5382882883
"Ja Morant, PG",MEM,59,30,0.42,0.2522522523,-0.16,0.4617117117,0.27,0.3040540541,1.57,0.2094594595,4268354.021,0.2094594595,8730240,0.2927927928,7003921.356,0.2927927928,-2735567.335,0.5405405405
"Jacob Evans, SG",GS/MIN,29,14.4,-1.53,0.9031531532,-1.08,0.8716216216,-2.61,0.9594594595,-0.45,0.8828828829,-1223413.573,0.8828828829,1925880,0.6801801802,1545056.271,0.6801801802,-2768469.844,0.5427927928
"Brad Wanamaker, PG",BOS,63,19.3,-0.93,0.6981981982,-0.84,0.8198198198,-1.77,0.8648648649,-0.6,0.9099099099,-1631218.097,0.9099099099,1445697,0.8333333333,1159824.712,0.8333333333,-2791042.809,0.545045045
"Bruce Brown, SG",DET,58,28.2,-2.24,0.963963964,0.63,0.1891891892,-1.62,0.8288288288,-0.61,0.9121621622,-1658405.065,0.9121621622,1416852,0.8468468468,1136683.525,0.8468468468,-2795088.591,0.5472972973
"Marko Guduric, SG",MEM,42,11.3,-0.09,0.4031531532,-1.75,0.963963964,-1.84,0.8828828829,-0.27,0.8333333333,-734048.1437,0.8333333333,2625000,0.5810810811,2105932.203,0.5810810811,-2839980.347,0.5495495495
"Frank Kaminsky, C",PHX,32,22.4,-0.08,0.3963963964,-0.22,0.490990991,-0.29,0.4414414414,0.36,0.4436936937,978730.8582,0.4436936937,4767000,0.4189189189,3824372.881,0.4189189189,-2845642.023,0.5518018018
"Allonzo Trier, SG",NY,24,12.1,0.55,0.231981982,-1.57,0.9414414414,-1.03,0.6486486486,0,0.6396396396,0,0.6396396396,3551000,0.5045045045,2848824.859,0.5045045045,-2848824.859,0.5540540541
"Kevin Huerter, SG",ATL,56,31.4,-0.45,0.5,-0.8,0.8018018018,-1.25,0.7297297297,-0.27,0.8333333333,-734048.1437,0.8333333333,2636280,0.5765765766,2114981.695,0.5765765766,-2849029.839,0.5563063063
"Damian Jones, C",ATL,55,16.1,-0.45,0.5,-1.22,0.8986486486,-1.67,0.8468468468,-0.39,0.8693693694,-1060291.763,0.8693693694,2305057,0.6238738739,1849254.768,0.6238738739,-2909546.531,0.5585585586
"Goga Bitadze, C",IND,49,8.4,-1.08,0.7635135135,-0.82,0.8130630631,-1.91,0.8873873874,-0.25,0.8265765766,-679674.2071,0.8265765766,2816760,0.5608108108,2259773.559,0.5608108108,-2939447.766,0.5608108108
"D.J. Wilson, PF",MIL,31,9,-0.91,0.6936936937,-1.2,0.8918918919,-2.12,0.9256756757,-0.21,0.7995495495,-570926.334,0.7995495495,2961120,0.5518018018,2375587.797,0.5518018018,-2946514.131,0.5630630631
"Ersan Ilyasova, PF",MIL,56,16,0.63,0.2207207207,-0.09,0.4369369369,0.54,0.222972973,0.98,0.2837837838,2664322.892,0.2837837838,7000000,0.3558558559,5615819.209,0.3558558559,-2951496.317,0.5653153153
"JaMychal Green, PF",LAC,55,20.5,-0.64,0.5788288288,0,0.3986486486,-0.63,0.5472972973,0.31,0.4752252252,842796.0168,0.4752252252,4767000,0.4189189189,3824372.881,0.4189189189,-2981576.865,0.5675675676
"Stanley Johnson, SF",TOR,20,4.8,-1.16,0.8108108108,-0.45,0.6193693694,-1.61,0.8265765766,-0.04,0.7342342342,-108747.8731,0.7342342342,3623000,0.4954954955,2906587.571,0.4954954955,-3015335.444,0.5698198198
"Romeo Langford, SG",BOS,27,11,-1.57,0.9054054054,0.12,0.3513513514,-1.46,0.786036036,-0.09,0.7522522523,-244682.7146,0.7522522523,3458400,0.5202702703,2774535.593,0.5202702703,-3019218.308,0.5720720721
"Malik Monk, SG",CHA,55,21.3,0.85,0.1711711712,-1.8,0.9707207207,-0.95,0.6283783784,0.06,0.5878378378,163121.8097,0.5878378378,4028400,0.4684684685,3231823.729,0.4684684685,-3068701.919,0.5743243243
"D.J. Augustin, PG",ORL,49,24.8,-1.26,0.8423423423,1.5,0.0472972973,0.24,0.3153153153,1.01,0.277027027,2745883.797,0.277027027,7250000,0.3490990991,5816384.181,0.3490990991,-3070500.384,0.5765765766
"Landry Shamet, SG",LAC,47,27.5,-0.96,0.7094594595,-0.7,0.768018018,-1.66,0.8445945946,-0.56,0.9076576577,-1522470.224,0.9076576577,1995120,0.6621621622,1600604.746,0.6621621622,-3123074.97,0.5788288288
"Tyus Jones, PG",MEM,65,19,1.24,0.1261261261,-0.46,0.6261261261,0.78,0.1801801802,1.58,0.204954955,4295540.989,0.204954955,9258000,0.2815315315,7427322.034,0.2815315315,-3131781.045,0.5810810811
"Lauri Markkanen, PF",CHI,50,29.8,-0.23,0.4459459459,-0.42,0.5923423423,-0.65,0.5495495495,0.39,0.4324324324,1060291.763,0.4324324324,5300400,0.4031531532,4252298.305,0.4031531532,-3192006.542,0.5833333333
"Patty Mills, PG",SA,63,22.7,2.03,0.06981981982,-0.53,0.6846846847,1.5,0.1036036036,2.49,0.1058558559,6769555.103,0.1058558559,12428571,0.2207207207,9970943.966,0.2207207207,-3201388.863,0.5855855856
"Gary Trent Jr., SG",POR,53,20,-1.45,0.8918918919,-0.66,0.740990991,-2.1,0.9211711712,-0.76,0.9391891892,-2066209.59,0.9391891892,1416852,0.8468468468,1136683.525,0.8468468468,-3202893.115,0.5878378378
"Jordan Poole, SG",GS,57,22.4,-1.44,0.8873873874,-0.29,0.5225225225,-1.73,0.8603603604,-0.61,0.9121621622,-1658405.065,0.9121621622,1964760,0.6689189189,1576248.136,0.6689189189,-3234653.201,0.5900900901
"Zach Collins, PF",POR,3,28.7,-0.56,0.5427927928,-0.1,0.4436936937,-0.66,0.5540540541,0.02,0.6171171171,54373.93657,0.6171171171,4240200,0.4572072072,3401742.373,0.4572072072,-3347368.436,0.5923423423
"Carmelo Anthony, PF",POR,50,32.5,-1.12,0.795045045,-0.7,0.768018018,-1.82,0.8761261261,-0.83,0.9527027027,-2256518.368,0.9527027027,1364204,0.9009009009,1094446.147,0.9009009009,-3350964.515,0.5945945946
"Sviatoslav Mykhailiuk, SG",DET,56,22.6,-0.84,0.6621621622,-1.18,0.8896396396,-2.01,0.9076576577,-0.82,0.9504504505,-2229331.399,0.9504504505,1416852,0.8468468468,1136683.525,0.8468468468,-3366014.925,0.5968468468
"Justin Jackson, SF",DAL,58,16,-0.75,0.6283783784,-0.71,0.7747747748,-1.46,0.786036036,-0.27,0.8333333333,-734048.1437,0.8333333333,3280920,0.5337837838,2632150.508,0.5337837838,-3366198.652,0.5990990991
"Marco Belinelli, SG",SA,52,15,0.4,0.2612612613,-0.59,0.7094594595,-0.19,0.4144144144,0.45,0.4256756757,1223413.573,0.4256756757,5846154,0.3828828829,4690134.847,0.3828828829,-3466721.275,0.6013513514
"Aron Baynes, C",PHX,42,22.3,-0.2,0.4279279279,-0.38,0.5630630631,-0.58,0.5202702703,0.29,0.481981982,788422.0803,0.481981982,5453280,0.3963963964,4374947.797,0.3963963964,-3586525.716,0.6036036036
"Anthony Tolliver, PF",POR/SAC/MEM,47,15.6,-2.34,0.9797297297,-0.56,0.7004504505,-2.9,0.9774774775,-0.85,0.9572072072,-2310892.304,0.9572072072,1620564,0.7297297297,1300113.492,0.7297297297,-3611005.796,0.6058558559
"Jordan Clarkson, PG",CLE/UTAH,63,24.2,1.34,0.1103603604,0.23,0.2995495495,1.57,0.09684684685,2.63,0.0990990991,7150172.659,0.0990990991,13437500,0.1959459459,10780367.23,0.1959459459,-3630194.573,0.6081081081
"Bogdan Bogdanovic, SG",SAC,53,28.5,-0.17,0.4189189189,0.34,0.2567567568,0.17,0.3333333333,1.18,0.2477477477,3208062.258,0.2477477477,8529386,0.3018018018,6842784.249,0.3018018018,-3634721.991,0.6103603604
"Grant Williams, PF",BOS,62,15.6,-1.83,0.9436936937,-0.18,0.4707207207,-2.01,0.9076576577,-0.64,0.9189189189,-1739965.97,0.9189189189,2379840,0.6081081081,1909250.169,0.6081081081,-3649216.14,0.6126126126
"Glenn Robinson III, SF",GS/PHI,60,29.1,-0.34,0.4774774775,-1.44,0.9211711712,-1.78,0.8693693694,-0.87,0.9594594595,-2365266.241,0.9594594595,1620564,0.7297297297,1300113.492,0.7297297297,-3665379.732,0.6148648649
"Darius Bazley, SF",OKC,53,17.2,-2.45,0.9842342342,0.32,0.2657657658,-2.13,0.9301801802,-0.68,0.9234234234,-1848713.843,0.9234234234,2284800,0.6261261261,1833003.39,0.6261261261,-3681717.233,0.6171171171
"Jabari Parker, PF",ATL/SAC,33,25.8,2.02,0.07207207207,-2.09,0.9842342342,-0.07,0.3806306306,0.56,0.3851351351,1522470.224,0.3851351351,6500000,0.3671171171,5214689.266,0.3671171171,-3692219.042,0.6193693694
"Langston Galloway, SG",DET,66,25.8,0.14,0.3198198198,-0.45,0.6193693694,-0.31,0.4436936937,0.79,0.3220720721,2147770.494,0.3220720721,7333333,0.3400900901,5883238.904,0.3400900901,-3735468.409,0.6216216216
"Harry Giles III, PF",SAC,38,15.2,-1.09,0.777027027,-1.6,0.9459459459,-2.7,0.9662162162,-0.64,0.9189189189,-1739965.97,0.9189189189,2578800,0.5878378378,2068867.797,0.5878378378,-3808833.767,0.6238738739
"Zach LaVine, PG",CHI,60,34.8,2.5,0.04054054054,-0.44,0.6081081081,2.06,0.06306306306,4.34,0.03603603604,11799144.24,0.03603603604,19500000,0.1171171171,15644067.8,0.1171171171,-3844923.561,0.6261261261
"Ish Smith, PG",WSH,60,26.2,0.47,0.2454954955,-1.17,0.8873873874,-0.7,0.5630630631,0.35,0.4527027027,951543.89,0.4527027027,6000000,0.3783783784,4813559.322,0.3783783784,-3862015.432,0.6283783784
"Frank Jackson, PG",NO,51,12.9,-0.87,0.6779279279,-2.21,0.9864864865,-3.08,0.9842342342,-0.96,0.9617117117,-2609948.955,0.9617117117,1618520,0.7905405405,1298473.672,0.7905405405,-3908422.628,0.6306306306
"Taurean Prince, PF",BKN,64,29,-0.66,0.5945945946,-0.74,0.7882882883,-1.4,0.7702702703,-0.47,0.8873873874,-1277787.509,0.8873873874,3481986,0.5157657658,2793457.695,0.5157657658,-4071245.204,0.6328828829
"Josh Jackson, SG",MEM,18,19.8,1.76,0.08333333333,-0.49,0.6486486486,1.28,0.1193693694,0.58,0.3783783784,1576844.161,0.3783783784,7059480,0.3536036036,5663537.627,0.3536036036,-4086693.467,0.6351351351
"Kentavious Caldwell-Pope, SG",LAL,63,25.4,0.2,0.3085585586,-0.42,0.5923423423,-0.22,0.4211711712,0.87,0.3018018018,2365266.241,0.3018018018,8089282,0.3130630631,6489706.463,0.3130630631,-4124440.223,0.6373873874
"Michael Porter Jr., PF",DEN,48,14,0.67,0.2094594595,-2.9,0.9977477477,-2.23,0.9414414414,-0.54,0.8963963964,-1468096.287,0.8963963964,3389400,0.5247747748,2719179.661,0.5247747748,-4187275.948,0.6396396396
"Collin Sexton, PG",CLE,65,33,-0.21,0.4346846847,-0.94,0.8468468468,-1.15,0.6891891892,-0.17,0.786036036,-462178.4608,0.786036036,4764960,0.4414414414,3822736.271,0.4414414414,-4284914.732,0.6418918919
"Bryn Forbes, SG",SA,63,25.1,-0.35,0.481981982,-1.37,0.9144144144,-1.72,0.8536036036,-0.73,0.9324324324,-1984648.685,0.9324324324,2875000,0.5585585586,2306497.175,0.5585585586,-4291145.86,0.6441441441
"Zion Williamson, SF",NO,19,29.7,2.84,0.02927927928,-0.64,0.7342342342,2.21,0.04954954955,1.3,0.2342342342,3534305.877,0.2342342342,9757440,0.2612612613,7828002.712,0.2612612613,-4293696.835,0.6463963964
"Robin Lopez, C",MIL,60,14.4,-1,0.7252252252,-0.33,0.5405405405,-1.33,0.7522522523,-0.18,0.7905405405,-489365.4291,0.7905405405,4767000,0.4189189189,3824372.881,0.4189189189,-4313738.31,0.6486486486
"Thon Maker, PF",DET,60,12.9,-1.22,0.8243243243,-0.9,0.8310810811,-2.12,0.9256756757,-0.55,0.9031531532,-1495283.256,0.9031531532,3569643,0.5,2863781.39,0.5,-4359064.645,0.6509009009
"Khem Birch, C",ORL,40,19.4,-2.11,0.9594594595,-0.35,0.5427927928,-2.46,0.9459459459,-0.73,0.9324324324,-1984648.685,0.9324324324,3000000,0.5427927928,2406779.661,0.5427927928,-4391428.346,0.6531531532
"Kevon Looney, PF",GS,20,13.1,-2.3,0.972972973,-0.44,0.6081081081,-2.74,0.9684684685,-0.3,0.8445945946,-815609.0485,0.8445945946,4464226,0.4459459459,3581469.446,0.4459459459,-4397078.495,0.6554054054
"Joe Ingles, SG",UTAH,64,29.9,-0.63,0.5720720721,1.11,0.08108108108,0.47,0.2454954955,1.91,0.1576576577,5192710.942,0.1576576577,11954546,0.231981982,9590652.723,0.231981982,-4397941.781,0.6576576577
"Kyle Anderson, SF",MEM,59,19.3,-0.68,0.6058558559,0.96,0.1126126126,0.27,0.3040540541,1.03,0.268018018,2800257.733,0.268018018,9073050,0.2882882883,7278944.068,0.2882882883,-4478686.334,0.6599099099
"Eric Bledsoe, PG",MIL,56,27.2,2.15,0.06081081081,-0.5,0.6554054054,1.66,0.09234234234,2.94,0.07882882883,7992968.676,0.07882882883,15625000,0.1644144144,12535310.73,0.1644144144,-4542342.059,0.6621621622
"Nemanja Bjelica, PF",SAC,64,28.5,-1.08,0.7635135135,0.33,0.2612612613,-0.75,0.5810810811,0.33,0.463963964,897169.9534,0.463963964,6825000,0.3626126126,5475423.729,0.3626126126,-4578253.775,0.6644144144
"Rodney Hood, SF",POR,21,29.5,-0.77,0.6373873874,-0.32,0.536036036,-1.1,0.6711711712,-0.03,0.7117117117,-81560.90485,0.7117117117,5718000,0.3896396396,4587322.034,0.3896396396,-4668882.939,0.6666666667
"Danuel House Jr., SF",HOU,58,30,-1.21,0.8198198198,-0.39,0.5765765766,-1.59,0.8175675676,-0.69,0.9256756757,-1875900.812,0.9256756757,3540000,0.5067567568,2840000,0.5067567568,-4715900.812,0.6689189189
"PJ Washington, PF",CHA,58,30.3,-2.33,0.9774774775,0.75,0.1644144144,-1.58,0.8153153153,-0.61,0.9121621622,-1658405.065,0.9121621622,3831840,0.481981982,3074131.525,0.481981982,-4732536.591,0.6711711712
"Nicolo Melli, PF",NO,52,17.1,-1.26,0.8423423423,-0.66,0.740990991,-1.92,0.8896396396,-0.54,0.8963963964,-1468096.287,0.8963963964,4102564,0.463963964,3291322.531,0.463963964,-4759418.818,0.6734234234
"Thomas Bryant, C",WSH,38,23.7,0.42,0.2522522523,-0.49,0.6486486486,-0.07,0.3806306306,0.61,0.3716216216,1658405.065,0.3716216216,8000000,0.3153153153,6418079.096,0.3153153153,-4759674.031,0.6756756757
"DeAndre' Bembry, SG",ATL,43,21.3,-1.4,0.8828828829,-1.25,0.9031531532,-2.65,0.963963964,-1.04,0.9662162162,-2827444.702,0.9662162162,2603982,0.5833333333,2089070.305,0.5833333333,-4916515.007,0.6779279279
"Ed Davis, C",UTAH,25,10.7,-2.77,0.9932432432,-0.74,0.7882882883,-3.51,0.9954954955,-0.43,0.8806306306,-1169039.636,0.8806306306,4767000,0.4189189189,3824372.881,0.4189189189,-4993412.518,0.6801801802
"Dennis Smith Jr., PG",NY,34,15.8,-0.58,0.5472972973,-1.96,0.9797297297,-2.54,0.954954955,-0.54,0.8963963964,-1468096.287,0.8963963964,4463640,0.4481981982,3580999.322,0.4481981982,-5049095.609,0.6824324324
"Deandre Ayton, C",PHX,30,33.2,0.58,0.2252252252,-0.21,0.4864864865,0.37,0.2657657658,0.94,0.295045045,2555575.019,0.295045045,9562920,0.2725225225,7671947.119,0.2725225225,-5116372.1,0.6846846847
"Terrence Ross, SG",ORL,63,27.3,0.01,0.3423423423,0.53,0.2162162162,0.54,0.222972973,1.79,0.1644144144,4866467.323,0.1644144144,12500000,0.2184684685,10028248.59,0.2184684685,-5161781.265,0.6869369369
"Rodney McGruder, SG",LAC,50,15,-0.98,0.7207207207,-0.98,0.8581081081,-1.96,0.8963963964,-0.48,0.8918918919,-1304974.478,0.8918918919,4807693,0.4166666667,3857019.243,0.4166666667,-5161993.721,0.6891891892
"Frank Ntilikina, PG",NY,57,20.8,-1.51,0.8986486486,-0.14,0.4527027027,-1.65,0.8400900901,-0.47,0.8873873874,-1277787.509,0.8873873874,4855800,0.4144144144,3895613.559,0.4144144144,-5173401.069,0.6914414414
"Sekou Doumbouya, SF",DET,38,19.8,-1.73,0.9301801802,-1.27,0.9054054054,-3,0.981981982,-0.97,0.963963964,-2637135.924,0.963963964,3285120,0.5315315315,2635520,0.5315315315,-5272655.924,0.6936936937
"Maxi Kleber, PF",DAL,66,25.7,-1.09,0.777027027,0.4,0.2387387387,-0.7,0.5630630631,0.38,0.4369369369,1033104.795,0.4369369369,8000000,0.3153153153,6418079.096,0.3153153153,-5384974.301,0.6959459459
"Marcus Smart, PG",BOS,53,32.5,-0.62,0.5608108108,1.08,0.08333333333,0.46,0.2477477477,1.72,0.1711711712,4676158.545,0.1711711712,12553571,0.2162162162,10071226.45,0.2162162162,-5395067.907,0.6981981982
"Brook Lopez, C",MIL,61,26.6,-1.59,0.9076576577,1.95,0.01576576577,0.36,0.2725225225,1.57,0.2094594595,4268354.021,0.2094594595,12093023,0.2274774775,9701747.266,0.2274774775,-5433393.245,0.7004504505
"Mo Bamba, C",ORL,60,14.5,-1.09,0.777027027,-0.55,0.6936936937,-1.64,0.8355855856,-0.34,0.8603603604,-924356.9217,0.8603603604,5697600,0.3918918919,4570955.932,0.3918918919,-5495312.854,0.7027027027
"Elfrid Payton, PG",NY,45,27.7,-0.46,0.5067567568,-0.16,0.4617117117,-0.62,0.5337837838,0.33,0.463963964,897169.9534,0.463963964,8000000,0.3153153153,6418079.096,0.3153153153,-5520909.143,0.704954955
"Juan Hernangomez, PF",DEN/MIN,48,17.4,-1.06,0.7567567568,-1.79,0.9684684685,-2.85,0.9707207207,-1.06,0.9707207207,-2881818.638,0.9707207207,3321030,0.5292792793,2664329.153,0.5292792793,-5546147.791,0.7072072072
"Cam Reddish, SG",ATL,58,26.7,-1.06,0.7567567568,-0.72,0.777027027,-1.77,0.8648648649,-0.8,0.9459459459,-2174957.463,0.9459459459,4245720,0.454954955,3406170.847,0.454954955,-5581128.31,0.7094594595
"Troy Brown Jr., SF",WSH,61,24.9,-0.65,0.5900900901,-1.42,0.9166666667,-2.08,0.9166666667,-1.11,0.9752252252,-3017753.48,0.9752252252,3219480,0.536036036,2582859.661,0.536036036,-5600613.141,0.7117117117
"Will Barton, SF",DEN,58,33,-0.2,0.4279279279,0.55,0.2072072072,0.35,0.277027027,1.7,0.1801801802,4621784.608,0.1801801802,12776786,0.204954955,10250302.89,0.204954955,-5628518.284,0.713963964
"Wayne Ellington, SG",NY,36,15.5,-0.64,0.5788288288,0.32,0.2657657658,-0.32,0.4504504505,0.26,0.5022522523,706861.1754,0.5022522523,8000000,0.3153153153,6418079.096,0.3153153153,-5711217.921,0.7162162162
"Nikola Jokic, C",DEN,65,32.3,1.6,0.09459459459,1.84,0.02702702703,3.44,0.01576576577,6.01,0.009009009009,16339367.94,0.009009009009,27504630,0.05405405405,22065861.36,0.05405405405,-5726493.417,0.7184684685
"Jeremy Lamb, SG",IND,46,28.1,-0.01,0.3513513514,0.14,0.3468468468,0.13,0.3400900901,0.98,0.2837837838,2664322.892,0.2837837838,10500000,0.2477477477,8423728.814,0.2477477477,-5759405.922,0.7207207207
"Jarrett Culver, SG",MIN,63,23.9,-0.5,0.5315315315,-0.92,0.8400900901,-1.42,0.7792792793,-0.41,0.8738738739,-1114665.7,0.8738738739,5813640,0.3851351351,4664050.169,0.3851351351,-5778715.869,0.722972973
"Kevin Porter Jr., SG",CLE,50,23.2,-1.65,0.9166666667,-1.68,0.954954955,-3.33,0.9887387387,-1.77,0.9887387387,-4812093.386,0.9887387387,1290960,0.9031531532,1035685.424,0.9031531532,-5847778.81,0.7252252252
"Ricky Rubio, PG",PHX,57,31.6,0.31,0.2882882883,0.73,0.1689189189,1.04,0.1509009009,2.56,0.1036036036,6959863.881,0.1036036036,16200000,0.1576576577,12996610.17,0.1576576577,-6036746.289,0.7274774775
"E'Twaun Moore, SG",NO,51,18.8,-0.01,0.3513513514,-0.6,0.713963964,-0.61,0.5315315315,0.28,0.4887387387,761235.112,0.4887387387,8664928,0.2972972973,6951524.158,0.2972972973,-6190289.046,0.7297297297
"Jaren Jackson Jr., PF",MEM,54,28,0.72,0.1981981982,-1.98,0.981981982,-1.26,0.7364864865,-0.25,0.8265765766,-679674.2071,0.8265765766,6927480,0.3603603604,5557639.322,0.3603603604,-6237313.529,0.731981982
"Dwight Powell, C",DAL,40,26.5,-0.22,0.4369369369,0.23,0.2995495495,0.01,0.3581081081,0.73,0.3355855856,1984648.685,0.3355855856,10259375,0.25,8230685.028,0.25,-6246036.343,0.7342342342
"Coby White, PG",CHI,65,25.8,0.21,0.3063063063,-1.89,0.972972973,-1.68,0.8513513514,-0.74,0.9369369369,-2011835.653,0.9369369369,5307120,0.4009009009,4257689.492,0.4009009009,-6269525.145,0.7364864865
"Wendell Carter Jr., C",CHI,43,29.2,-2.96,0.9954954955,0.99,0.1036036036,-1.97,0.9031531532,-0.79,0.9436936937,-2147770.494,0.9436936937,5201400,0.4054054054,4172874.576,0.4054054054,-6320645.071,0.7387387387
"Eric Paschall, PF",GS,60,27.6,-1.31,0.8626126126,-1.56,0.9391891892,-2.86,0.9752252252,-2.07,0.9932432432,-5627702.435,0.9932432432,898310,0.9166666667,720678.0791,0.9166666667,-6348380.514,0.740990991
"Rudy Gobert, C",UTAH,62,34.5,-1.08,0.7635135135,3.23,0.002252252252,2.15,0.05855855856,4.51,0.03378378378,12261322.7,0.03378378378,23241573,0.1013513514,18645781.73,0.1013513514,-6384459.032,0.7432432432
"Markelle Fultz, PG",ORL,64,28.3,-1.01,0.7297297297,0.41,0.2364864865,-0.6,0.5292792793,0.52,0.4009009009,1413722.351,0.4009009009,9745200,0.2635135135,7818183.051,0.2635135135,-6404460.7,0.7454954955
"T.J. Warren, SF",IND,61,32.5,-1.16,0.8108108108,0.76,0.1576576577,-0.39,0.4707207207,0.83,0.3108108108,2256518.368,0.3108108108,10810000,0.2432432432,8672429.379,0.2432432432,-6415911.011,0.7477477477
"DeAndre Jordan, C",BKN,56,22,-0.57,0.545045045,0.17,0.3310810811,-0.39,0.4707207207,0.54,0.3896396396,1468096.287,0.3896396396,9881598,0.259009009,7927609.695,0.259009009,-6459513.408,0.75
"Patrick McCaw, SF",TOR,37,24.5,-3.04,0.9977477477,-0.08,0.4324324324,-3.12,0.9864864865,-1.23,0.9774774775,-3343997.099,0.9774774775,4000000,0.4707207207,3209039.548,0.4707207207,-6553036.647,0.7522522523
"Marvin Bagley III, PF",SAC,13,25.7,-0.03,0.3693693694,-0.6,0.713963964,-0.62,0.5337837838,0.09,0.5720720721,244682.7146,0.5720720721,8556120,0.2995495495,6864231.864,0.2995495495,-6619549.15,0.7545045045
"Bojan Bogdanovic, SF",UTAH,63,33.1,1.28,0.1171171171,-0.45,0.6193693694,0.83,0.1711711712,2.57,0.1013513514,6987050.849,0.1013513514,17000000,0.1509009009,13638418.08,0.1509009009,-6651367.23,0.7567567568
"C.J. Miles, SG",WSH,10,16.1,-0.29,0.4594594595,-0.84,0.8198198198,-1.13,0.6824324324,-0.01,0.6734234234,-27186.96828,0.6734234234,8333333,0.3063063063,6685498.791,0.3063063063,-6712685.759,0.759009009
"Cristiano Felicio, PF",CHI,22,17.5,-0.82,0.6599099099,-0.66,0.740990991,-1.47,0.7905405405,-0.11,0.7612612613,-299056.6511,0.7612612613,8156500,0.3085585586,6543632.768,0.3085585586,-6842689.419,0.7612612613
"Rui Hachimura, PF",WSH,41,29.7,-0.72,0.6193693694,-1.77,0.9662162162,-2.49,0.9504504505,-1.23,0.9774774775,-3343997.099,0.9774774775,4469160,0.4436936937,3585427.797,0.4436936937,-6929424.896,0.7635135135
"Danny Green, SG",LAL,61,25.1,-0.39,0.490990991,0.91,0.1328828829,0.52,0.231981982,1.6,0.1959459459,4349914.926,0.1959459459,14634146,0.1824324324,11740388.32,0.1824324324,-7390473.391,0.7657657658
"Anthony Davis, PF",LAL,55,34.3,1.92,0.07657657658,1.13,0.07432432432,3.06,0.02702702703,5.21,0.02477477477,14164410.48,0.02477477477,27093018,0.07657657658,21735641.56,0.07657657658,-7571231.083,0.768018018
"John Henson, PF",CLE/DET,40,15,-0.8,0.6509009009,-0.11,0.4459459459,-0.92,0.6193693694,0.04,0.6013513514,108747.8731,0.6013513514,9732396,0.2657657658,7807910.915,0.2657657658,-7699163.042,0.7702702703
"Tomas Satoransky, SG",CHI,65,28.9,-1.52,0.9009009009,0.56,0.204954955,-0.96,0.6306306306,0.09,0.5720720721,244682.7146,0.5720720721,10000000,0.2567567568,8022598.87,0.2567567568,-7777916.155,0.7725225225
"Josh Richardson, SG",PHI,48,30.7,-1.32,0.8648648649,0.42,0.231981982,-0.9,0.6103603604,0.12,0.5608108108,326243.6194,0.5608108108,10116576,0.2522522523,8116123.119,0.2522522523,-7789879.499,0.7747747748
"Dante Exum, PG",CLE/UTAH,35,13.9,-0.65,0.5900900901,-0.5,0.6554054054,-1.16,0.6936936937,-0.04,0.7342342342,-108747.8731,0.7342342342,9600000,0.2702702703,7701694.915,0.2702702703,-7810442.788,0.777027027
"Trevor Ariza, SF",POR/SAC,53,28.2,-1.29,0.8536036036,0.94,0.1171171171,-0.34,0.454954955,0.69,0.3468468468,1875900.812,0.3468468468,12195122,0.2252252252,9783657.198,0.2252252252,-7907756.386,0.7792792793
"Al-Farouq Aminu, PF",ORL,18,21.1,-2.71,0.9887387387,0.89,0.1373873874,-1.83,0.8806306306,-0.2,0.795045045,-543739.3657,0.795045045,9258000,0.2815315315,7427322.034,0.2815315315,-7971061.4,0.7815315315
"Delon Wright, PG",DAL,65,21.7,-1.03,0.740990991,-0.16,0.4617117117,-1.18,0.7027027027,-0.15,0.7725225225,-407804.5243,0.7725225225,9473684,0.2747747748,7600356.655,0.2747747748,-8008161.18,0.7837837838
"Jerami Grant, PF",DEN,64,26.2,-0.33,0.472972973,-0.91,0.8333333333,-1.24,0.7184684685,-0.23,0.8175675676,-625300.2705,0.8175675676,9346153,0.277027027,7498043.65,0.277027027,-8123343.92,0.786036036
"Evan Fournier, SG",ORL,61,31.7,0.58,0.2252252252,0,0.3986486486,0.58,0.2162162162,2.07,0.1396396396,5627702.435,0.1396396396,17150000,0.1486486486,13758757.06,0.1486486486,-8131054.627,0.7882882883
"Jonas Valanciunas, C",MEM,62,26.3,-0.43,0.4954954955,0.93,0.1216216216,0.51,0.2364864865,1.72,0.1711711712,4676158.545,0.1711711712,16000000,0.1599099099,12836158.19,0.1599099099,-8159999.647,0.7905405405
"Anfernee Simons, SG",POR,65,21.5,-0.84,0.6621621622,-2.76,0.990990991,-3.6,0.9977477477,-2.37,0.9954954955,-6443311.483,0.9954954955,2149560,0.6396396396,1724505.763,0.6396396396,-8167817.246,0.7927927928
"Jae Crowder, SF",MIA/MEM,58,29.2,-0.02,0.3626126126,-1.61,0.9481981982,-1.63,0.8333333333,-0.7,0.9301801802,-1903087.78,0.9301801802,7815533,0.3310810811,6270088.621,0.3310810811,-8173176.401,0.795045045
"JJ Redick, SG",NO,54,26.4,2.29,0.04954954955,-2.35,0.9887387387,-0.06,0.3783783784,0.97,0.2882882883,2637135.924,0.2882882883,13486300,0.1936936937,10819517.51,0.1936936937,-8182381.591,0.7972972973
"Kevin Knox II, SF",NY,65,17.9,-1.67,0.9211711712,-1.7,0.9572072072,-3.37,0.990990991,-1.78,0.990990991,-4839280.355,0.990990991,4380120,0.4527027027,3513994.576,0.4527027027,-8353274.931,0.7995495495
"Meyers Leonard, C",MIA,49,20.1,-1.02,0.731981982,0.36,0.2454954955,-0.66,0.5540540541,0.24,0.5112612613,652487.2388,0.5112612613,11286516,0.2387387387,9054719.051,0.2387387387,-8402231.812,0.8018018018
"Eric Gordon, SG",HOU,34,28.6,0.83,0.1756756757,-0.39,0.5765765766,0.44,0.25,1.02,0.2747747748,2773070.765,0.2747747748,14057730,0.1891891892,11277952.88,0.1891891892,-8504882.116,0.8040540541
"Tim Hardaway Jr., SG",DAL,63,28.8,0.77,0.1824324324,0.45,0.2274774775,1.22,0.1283783784,2.77,0.09234234234,7530790.215,0.09234234234,20025127,0.1081081081,16065356.12,0.1081081081,-8534565.909,0.8063063063
"Thaddeus Young, PF",CHI,64,24.9,-0.44,0.4977477477,0.02,0.3851351351,-0.42,0.4864864865,0.66,0.3536036036,1794339.907,0.3536036036,12900000,0.2027027027,10349152.54,0.2027027027,-8554812.636,0.8085585586
"Goran Dragic, PG",MIA,54,28.4,1.13,0.1418918919,0.22,0.3108108108,1.35,0.1103603604,2.43,0.1126126126,6606433.293,0.1126126126,19217900,0.1238738739,15417750.28,0.1238738739,-8811316.989,0.8108108108
"Larry Nance Jr., PF",CLE,56,26.3,-1.11,0.7905405405,0.62,0.1936936937,-0.49,0.5045045045,0.51,0.4054054054,1386535.383,0.4054054054,12727273,0.2117117117,10210580.6,0.2117117117,-8824045.216,0.8130630631
"Kelly Olynyk, PF",MIA,59,18.5,0.22,0.3040540541,-0.64,0.7342342342,-0.42,0.4864864865,0.44,0.4279279279,1196226.605,0.4279279279,12667885,0.213963964,10162935.99,0.213963964,-8966709.384,0.8153153153
"Clint Capela, C",HOU,39,32.8,0.11,0.3265765766,0.06,0.3671171171,0.16,0.3355855856,1.06,0.259009009,2881818.638,0.259009009,14896552,0.1801801802,11950906.12,0.1801801802,-9069087.486,0.8175675676
"RJ Barrett, SG",NY,56,30.4,-0.97,0.713963964,-0.99,0.8603603604,-1.96,0.8963963964,-1.05,0.9684684685,-2854631.67,0.9684684685,7839960,0.3265765766,6289685.424,0.3265765766,-9144317.094,0.8198198198
"Taj Gibson, C",NY,62,16.5,-1.78,0.9391891892,-0.43,0.6036036036,-2.21,0.9391891892,-0.78,0.9414414414,-2120583.526,0.9414414414,9000000,0.2905405405,7220338.983,0.2905405405,-9340922.509,0.8220720721
"Mason Plumlee, PF",DEN,53,17,0.15,0.3175675676,-0.07,0.4301801802,0.08,0.3445945946,0.65,0.3581081081,1767152.938,0.3581081081,14041096,0.1914414414,11264608.09,0.1914414414,-9497455.152,0.8243243243
"Miles Bridges, SF",CHA,65,30.7,-3.18,1,0.24,0.295045045,-2.94,0.9797297297,-2.39,0.9977477477,-6497685.42,0.9977477477,3755400,0.4864864865,3012806.78,0.4864864865,-9510492.2,0.8265765766
"P.J. Tucker, PF",HOU,64,34.4,-2.47,0.9864864865,0.74,0.1666666667,-1.73,0.8603603604,-1.06,0.9707207207,-2881818.638,0.9707207207,8349039,0.3040540541,6698099.085,0.3040540541,-9579917.723,0.8288288288
"Maurice Harkless, SF",LAC/NY,62,23,-1.18,0.8175675676,-0.18,0.4707207207,-1.36,0.7612612613,-0.32,0.8536036036,-869982.9851,0.8536036036,11011234,0.240990991,8833871.345,0.240990991,-9703854.33,0.8310810811
"Marcus Morris Sr., SF",LAC/NY,55,31.4,-0.79,0.6441441441,0.54,0.2117117117,-0.25,0.4324324324,0.85,0.3040540541,2310892.304,0.3040540541,15000000,0.1756756757,12033898.31,0.1756756757,-9723006.001,0.8333333333
"Justise Winslow, SF",MIA,11,32,-0.58,0.5472972973,0.36,0.2454954955,-0.22,0.4211711712,0.2,0.5315315315,543739.3657,0.5315315315,13000000,0.2004504505,10429378.53,0.2004504505,-9885639.165,0.8355855856
"Matthew Dellavedova, PG",CLE,57,14.4,-1.98,0.9527027027,-0.54,0.6914414414,-2.52,0.9527027027,-0.81,0.9481981982,-2202144.431,0.9481981982,9607500,0.268018018,7707711.864,0.268018018,-9909856.295,0.8378378378
"Rudy Gay, SF",SA,60,21.5,-0.07,0.3896396396,-0.27,0.5157657658,-0.34,0.454954955,0.61,0.3716216216,1658405.065,0.3716216216,14500000,0.1846846847,11632768.36,0.1846846847,-9974363.296,0.8400900901
"Derrick Favors, C",NO,45,24.2,-0.01,0.3513513514,0.99,0.1036036036,0.99,0.1531531532,1.53,0.2184684685,4159606.148,0.2184684685,17650000,0.1441441441,14159887.01,0.1441441441,-10000280.86,0.8423423423
"Courtney Lee, SG",DAL,24,14.4,-0.79,0.6441441441,0.01,0.3896396396,-0.78,0.5900900901,0.06,0.5878378378,163121.8097,0.5878378378,12759670,0.2072072072,10236571.41,0.2072072072,-10073449.6,0.8445945946
"Danilo Gallinari, PF",OKC,55,30.7,1.28,0.1171171171,0.23,0.2995495495,1.51,0.1013513514,2.83,0.08333333333,7693912.025,0.08333333333,22615559,0.1036036036,18143555.81,0.1036036036,-10449643.78,0.8468468468
"De'Andre Hunter, SF",ATL,63,32,-1.64,0.9144144144,-0.66,0.740990991,-2.3,0.9436936937,-1.76,0.9864864865,-4784906.418,0.9864864865,7068360,0.3513513514,5670661.695,0.3513513514,-10455568.11,0.8490990991
"Damian Lillard, PG",POR,58,36.9,3.08,0.02477477477,-0.7,0.768018018,2.38,0.03828828829,4.85,0.02702702703,13185679.62,0.02702702703,29802321,0.04054054054,23909206.68,0.04054054054,-10723527.06,0.8513513514
"Solomon Hill, SF",MIA/MEM,54,18.4,0.36,0.2792792793,-1.7,0.9572072072,-1.34,0.7567567568,-0.21,0.7995495495,-570926.334,0.7995495495,12758781,0.2094594595,10235858.2,0.2094594595,-10806784.54,0.8536036036
"Kawhi Leonard, SF",LAC,51,32.2,2.18,0.05855855856,1.9,0.02027027027,4.08,0.009009009009,5.66,0.01576576577,15387824.05,0.01576576577,32742000,0.01801801802,26267593.22,0.01801801802,-10879769.17,0.8558558559
"Kristaps Porzingis, PF",DAL,51,31.3,0.71,0.2027027027,1.89,0.02252252252,2.6,0.03603603604,3.9,0.04279279279,10602917.63,0.04279279279,27285000,0.06081081081,21889661.02,0.06081081081,-11286743.39,0.8581081081
"Aaron Gordon, PF",ORL,58,33,-1.04,0.7454954955,1.37,0.05630630631,0.33,0.286036036,1.71,0.1779279279,4648971.577,0.1779279279,19863636,0.1148648649,15935798.37,0.1148648649,-11286826.8,0.8603603604
"Bobby Portis, PF",NY,66,21.1,-0.23,0.4459459459,-0.51,0.6644144144,-0.74,0.5765765766,0.26,0.5022522523,706861.1754,0.5022522523,15000000,0.1756756757,12033898.31,0.1756756757,-11327037.13,0.8626126126
"Cory Joseph, PG",SAC,64,24,-2.3,0.972972973,0.58,0.1981981982,-1.72,0.8536036036,-0.69,0.9256756757,-1875900.812,0.9256756757,12000000,0.2297297297,9627118.644,0.2297297297,-11503019.46,0.8648648649
"Jrue Holiday, SG",NO,55,34.9,1.33,0.1126126126,0.25,0.2882882883,1.58,0.09459459459,3.48,0.05855855856,9461064.963,0.05855855856,26231111,0.08108108108,21044168.15,0.08108108108,-11583103.18,0.8671171171
"Gary Harris, SG",DEN,56,31.8,-2.11,0.9594594595,1.88,0.02477477477,-0.23,0.4279279279,0.91,0.2972972973,2474014.114,0.2972972973,17839286,0.1418918919,14311743.57,0.1418918919,-11837729.46,0.8693693694
"James Johnson, PF",MIA/MIN,32,19.3,0.9,0.1621621622,-1.55,0.9346846847,-0.65,0.5495495495,0.17,0.5382882883,462178.4608,0.5382882883,15349400,0.1734234234,12314207.91,0.1734234234,-11852029.45,0.8716216216
"Dewayne Dedmon, C",ATL/SAC,44,17.6,-2.08,0.954954955,0.18,0.3243243243,-1.9,0.8851351351,-0.45,0.8828828829,-1223413.573,0.8828828829,13333333,0.1981981982,10696798.23,0.1981981982,-11920211.8,0.8738738739
"Brandon Knight, PG",CLE/DET,25,18.5,0.48,0.2432432432,-0.92,0.8400900901,-0.43,0.4932432432,0.18,0.536036036,489365.4291,0.536036036,15643750,0.1621621622,12550353.11,0.1621621622,-12060987.68,0.8761261261
"CJ McCollum, SG",POR,62,36,0.94,0.1576576577,0.55,0.2072072072,1.49,0.1058558559,3.68,0.0472972973,10004804.33,0.0472972973,27556959,0.0518018018,22107842.81,0.0518018018,-12103038.48,0.8783783784
"Gorgui Dieng, C",MIN/MEM,58,17.4,-1.35,0.8716216216,0.69,0.1711711712,-0.66,0.5540540541,0.26,0.5022522523,706861.1754,0.5022522523,16229213,0.1554054054,13020046.59,0.1554054054,-12313185.41,0.8806306306
"Devin Booker, SG",PHX,62,36.1,2.99,0.02702702703,-1.74,0.9617117117,1.26,0.1238738739,3.5,0.05630630631,9515438.9,0.05630630631,27285000,0.06081081081,21889661.02,0.06081081081,-12374222.12,0.8828828829
"Julius Randle, PF",NY,64,32.5,-0.62,0.5608108108,0.15,0.3423423423,-0.47,0.5,0.75,0.3288288288,2039022.621,0.3288288288,18000000,0.1373873874,14440677.97,0.1373873874,-12401655.34,0.8851351351
"Malcolm Brogdon, PG",IND,48,30.7,0.12,0.3243243243,0.23,0.2995495495,0.35,0.277027027,1.34,0.2297297297,3643053.75,0.2297297297,20000000,0.1103603604,16045197.74,0.1103603604,-12402143.99,0.8873873874
"Ian Mahinmi, C",WSH,38,21.3,-0.9,0.6891891892,-0.18,0.4707207207,-1.08,0.6599099099,-0.03,0.7117117117,-81560.90485,0.7117117117,15450051,0.1711711712,12394956.17,0.1711711712,-12476517.07,0.8896396396
"Cody Zeller, C",CHA,58,23.1,-0.95,0.7072072072,-0.46,0.6261261261,-1.41,0.777027027,-0.33,0.8558558559,-897169.9534,0.8558558559,14471910,0.1869369369,11610232.88,0.1869369369,-12507402.83,0.8918918919
"Myles Turner, C",IND,55,29.6,-1.47,0.8941441441,1.06,0.08783783784,-0.41,0.481981982,0.66,0.3536036036,1794339.907,0.3536036036,18000000,0.1373873874,14440677.97,0.1373873874,-12646338.06,0.8941441441
"Kent Bazemore, SG",POR/SAC,64,25.1,-1.23,0.8310810811,1.14,0.07207207207,-0.09,0.3941441441,0.99,0.2792792793,2691509.86,0.2792792793,19269662,0.1193693694,15459276.86,0.1193693694,-12767767,0.8963963964
"Draymond Green, PF",GS,43,28.4,-1.02,0.731981982,0.89,0.1373873874,-0.14,0.4031531532,0.75,0.3288288288,2039022.621,0.3288288288,18539130,0.1306306306,14873200.34,0.1306306306,-12834177.72,0.8986486486
"Bismack Biyombo, C",CHA,53,19.4,-1.91,0.9481981982,1.16,0.06531531532,-0.75,0.5810810811,0.17,0.5382882883,462178.4608,0.5382882883,17000000,0.1509009009,13638418.08,0.1509009009,-13176239.62,0.9009009009
"Darius Garland, PG",CLE,59,30.9,-1.73,0.9301801802,-1.93,0.9774774775,-3.66,1,-3.14,1,-8536708.041,1,6400920,0.3716216216,5135201.356,0.3716216216,-13671909.4,0.9031531532
"Tony Snell, SF",DET,59,27.8,-2.75,0.990990991,0.13,0.3490990991,-2.62,0.9617117117,-1.69,0.9842342342,-4594597.64,0.9842342342,11392857,0.2342342342,9140032.169,0.2342342342,-13734629.81,0.9054054054
"Andre Iguodala, SG",MIA,14,18.5,-0.29,0.4594594595,-0.73,0.7792792793,-1.01,0.6463963964,0,0.6396396396,0,0.6396396396,17185185,0.1463963964,13786984.58,0.1463963964,-13786984.58,0.9076576577
"Kyle Lowry, PG",TOR,52,36.6,2.23,0.05405405405,0.84,0.1441441441,3.07,0.02477477477,5.22,0.02252252252,14191597.44,0.02252252252,34996296,0.01351351351,28076124.47,0.01351351351,-13884527.03,0.9099099099
"Serge Ibaka, C",TOR,50,27.5,-0.1,0.4054054054,0.94,0.1171171171,0.84,0.1666666667,1.69,0.1846846847,4594597.64,0.1846846847,23271604,0.0990990991,18669874.4,0.0990990991,-14075276.76,0.9121621622
"Khris Middleton, SF",MIL,55,30.1,2.39,0.04504504505,-0.2,0.4797297297,2.19,0.05630630631,3.74,0.04504504505,10167926.14,0.04504504505,30603448,0.03378378378,24551918.73,0.03378378378,-14383992.6,0.9144144144
"Joel Embiid, C",PHI,44,30.2,1.32,0.1148648649,0.83,0.1463963964,2.15,0.05855855856,2.82,0.08558558559,7666725.056,0.08558558559,27504630,0.05405405405,22065861.36,0.05405405405,-14399136.3,0.9166666667
"Karl-Anthony Towns, C",MIN,35,33.9,3.83,0.01576576577,-1.58,0.9436936937,2.25,0.0472972973,2.71,0.09459459459,7367668.405,0.09459459459,27285000,0.06081081081,21889661.02,0.06081081081,-14521992.61,0.9189189189
"Russell Westbrook, PG",HOU,53,35.9,3.56,0.02027027027,-0.2,0.4797297297,3.37,0.01801801802,5.96,0.01126126126,16203433.1,0.01126126126,38506482,0.004504504505,30892205.9,0.004504504505,-14688772.8,0.9211711712
"Jimmy Butler, SF",MIA,54,34.3,0.98,0.1531531532,1.34,0.06081081081,2.32,0.04279279279,4.07,0.04054054054,11065096.09,0.04054054054,32742000,0.01801801802,26267593.22,0.01801801802,-15202497.13,0.9234234234
"Jeff Teague, PG",ATL/MIN,59,24.8,0.57,0.2297297297,-1.61,0.9481981982,-1.05,0.6509009009,-0.02,0.7027027027,-54373.93657,0.7027027027,19000000,0.1261261261,15242937.85,0.1261261261,-15297311.79,0.9256756757
"Tyler Johnson, SG",PHX,31,16.6,-0.48,0.5135135135,-0.44,0.6081081081,-0.92,0.6193693694,0.04,0.6013513514,108747.8731,0.6013513514,19245370,0.1216216216,15439788.36,0.1216216216,-15331040.49,0.9279279279
"Victor Oladipo, SG",IND,13,25.9,1.38,0.1036036036,-0.04,0.4189189189,1.34,0.1126126126,0.53,0.3963963964,1440909.319,0.3963963964,21000000,0.1058558559,16847457.63,0.1058558559,-15406548.31,0.9301801802
"Tristan Thompson, C",CLE,57,30.2,-2.27,0.9662162162,1.05,0.09009009009,-1.22,0.7162162162,-0.22,0.8108108108,-598113.3023,0.8108108108,18539130,0.1306306306,14873200.34,0.1306306306,-15471313.64,0.9324324324
"D'Angelo Russell, SG",GS/MIN,45,32.3,2.67,0.03378378378,-1.43,0.9189189189,1.24,0.1261261261,2.3,0.1238738739,6253002.705,0.1238738739,27285000,0.06081081081,21889661.02,0.06081081081,-15636658.31,0.9346846847
"Evan Turner, SG",ATL,19,13.2,-1.87,0.9459459459,-0.69,0.7635135135,-2.55,0.9572072072,-0.27,0.8333333333,-734048.1437,0.8333333333,18606556,0.1283783784,14927293.51,0.1283783784,-15661341.66,0.9369369369
"Chris Paul, PG",OKC,63,31.8,1.69,0.08558558559,1.44,0.0518018018,3.13,0.02027027027,5.52,0.01801801802,15007206.49,0.01801801802,38506482,0.004504504505,30892205.9,0.004504504505,-15884999.41,0.9391891892
"Hassan Whiteside, C",POR,61,31.3,-0.38,0.4887387387,1.02,0.09459459459,0.64,0.1981981982,2.09,0.1351351351,5682076.371,0.1351351351,27093017,0.07882882883,21735640.76,0.07882882883,-16053564.39,0.9414414414
"Steven Adams, C",OKC,58,27,-0.07,0.3896396396,0.67,0.1756756757,0.6,0.2072072072,1.68,0.1869369369,4567410.672,0.1869369369,25842697,0.08558558559,20732559.18,0.08558558559,-16165148.5,0.9436936937
"Andrew Wiggins, SG",GS/MIN,54,34.4,0.65,0.2184684685,-0.06,0.4279279279,0.6,0.2072072072,2.07,0.1396396396,5627702.435,0.1396396396,27504630,0.05405405405,22065861.36,0.05405405405,-16438158.92,0.9459459459
"Terry Rozier, PG",CHA,63,34.3,-0.67,0.5990990991,-0.53,0.6846846847,-1.2,0.7072072072,-0.23,0.8175675676,-625300.2705,0.8175675676,19894737,0.1126126126,15960749.46,0.1126126126,-16586049.73,0.9481981982
"Kelly Oubre Jr., SF",PHX,56,34.5,-0.64,0.5788288288,-1.54,0.9301801802,-2.18,0.9346846847,-1.52,0.981981982,-4132419.179,0.981981982,15625000,0.1644144144,12535310.73,0.1644144144,-16667729.91,0.9504504505
"Bradley Beal, SG",WSH,57,36,3.09,0.02252252252,-2.84,0.9954954955,0.25,0.3108108108,1.82,0.1621621622,4948028.228,0.1621621622,27093019,0.07207207207,21735642.36,0.07207207207,-16787614.13,0.9527027027
"Allen Crabbe, G",ATL/MIN,37,17.6,-1.3,0.8581081081,-1.55,0.9346846847,-2.85,0.9707207207,-0.83,0.9527027027,-2256518.368,0.9527027027,18500000,0.1351351351,14841807.91,0.1351351351,-17098326.28,0.954954955
"Nikola Vucevic, C",ORL,54,32.6,-0.01,0.3513513514,0.64,0.1846846847,0.64,0.1981981982,1.96,0.1531531532,5328645.784,0.1531531532,28000000,0.04504504505,22463276.84,0.04504504505,-17134631.05,0.9572072072
"Paul George, SG",LAC,42,29.1,2.78,0.03153153153,-0.83,0.8153153153,1.94,0.07207207207,2.47,0.1103603604,6715181.166,0.1103603604,30560700,0.03603603604,24517623.73,0.03603603604,-17802442.56,0.9594594595
"Harrison Barnes, SF",SAC,64,34.9,-1.73,0.9301801802,0.92,0.1306306306,-0.81,0.5923423423,0.32,0.4707207207,869982.9851,0.4707207207,24147727,0.09684684685,19372752.73,0.09684684685,-18502769.75,0.9617117117
"Marc Gasol, C",TOR,36,27.5,-0.84,0.6621621622,0.91,0.1328828829,0.07,0.3468468468,0.74,0.3333333333,2011835.653,0.3333333333,25595700,0.09009009009,20534403.39,0.09009009009,-18522567.74,0.963963964
"LaMarcus Aldridge, PF",SA,53,33.1,-0.63,0.5720720721,0.32,0.2657657658,-0.31,0.4436936937,0.84,0.3085585586,2283705.336,0.3085585586,26000000,0.08333333333,20858757.06,0.08333333333,-18575051.73,0.9662162162
"Kemba Walker, PG",BOS,50,31.8,2.05,0.06756756757,-0.73,0.7792792793,1.32,0.1148648649,2.49,0.1058558559,6769555.103,0.1058558559,32742000,0.01801801802,26267593.22,0.01801801802,-19498038.12,0.9684684685
"Chandler Parsons, SF",ATL,5,10.8,-0.06,0.3828828829,-0.56,0.7004504505,-0.62,0.5337837838,0.02,0.6171171171,54373.93657,0.6171171171,25102511,0.09459459459,20138737.64,0.09459459459,-20084363.7,0.9707207207
"Al Horford, PF",PHI,60,30.8,-1.32,0.8648648649,0.98,0.1103603604,-0.34,0.454954955,0.85,0.3040540541,2310892.304,0.3040540541,28000000,0.04504504505,22463276.84,0.04504504505,-20152384.53,0.972972973
"Tobias Harris, SF",PHI,65,34.5,-0.75,0.6283783784,1.13,0.07432432432,0.38,0.2635135135,2.09,0.1351351351,5682076.371,0.1351351351,32742000,0.01801801802,26267593.22,0.01801801802,-20585516.85,0.9752252252
"Kyrie Irving, PG",BKN,20,32.9,3.8,0.01801801802,-1.09,0.8761261261,2.71,0.03153153153,1.72,0.1711711712,4676158.545,0.1711711712,31742000,0.03153153153,25465333.33,0.03153153153,-20789174.79,0.9774774775
"Gordon Hayward, SF",BOS,45,33.4,1,0.1509009009,-0.12,0.4481981982,0.87,0.1599099099,1.94,0.1554054054,5274271.847,0.1554054054,32700690,0.02702702703,26234451.86,0.02702702703,-20960180.02,0.9797297297
"Kevin Love, PF",CLE,56,31.8,0,0.3468468468,-0.4,0.5878378378,-0.41,0.481981982,0.73,0.3355855856,1984648.685,0.3355855856,28942830,0.04279279279,23219671.53,0.04279279279,-21235022.84,0.981981982
"Otto Porter Jr., SF",CHI,14,23.6,-0.08,0.3963963964,0.07,0.3626126126,-0.01,0.3671171171,0.23,0.5202702703,625300.2705,0.5202702703,27250575,0.06981981982,21862043.22,0.06981981982,-21236742.95,0.9842342342
"Nicolas Batum, SG",CHA,22,23,-1.22,0.8243243243,-0.81,0.8108108108,-2.02,0.9121621622,-0.3,0.8445945946,-815609.0485,0.8445945946,25565217,0.09234234234,20509948.1,0.09234234234,-21325557.15,0.9864864865
"Paul Millsap, PF",DEN,44,24.4,-1,0.7252252252,1.35,0.05855855856,0.34,0.2837837838,0.95,0.2927927928,2582761.987,0.2927927928,30350000,0.03828828829,24348587.57,0.03828828829,-21765825.58,0.9887387387
"Andre Drummond, C",CLE/DET,57,33,-1.24,0.8333333333,-0.01,0.4031531532,-1.24,0.7184684685,-0.26,0.8310810811,-706861.1754,0.8310810811,27093019,0.07207207207,21735642.36,0.07207207207,-22442503.54,0.990990991
"DeMar DeRozan, SF",SA,61,34.3,0.01,0.3423423423,-1.44,0.9211711712,-1.42,0.7792792793,-0.55,0.9031531532,-1495283.256,0.9031531532,27739975,0.04954954955,22254669.21,0.04954954955,-23749952.46,0.9932432432
"Mike Conley, PG",UTAH,41,28.6,-0.48,0.5135135135,-0.14,0.4527027027,-0.62,0.5337837838,0.32,0.4707207207,869982.9851,0.4707207207,32511624,0.02927927928,26082771.8,0.02927927928,-25212788.81,0.9954954955
"Blake Griffin, PF",DET,18,28.4,1.05,0.1486486486,-0.53,0.6846846847,0.53,0.2297297297,0.49,0.4099099099,1332161.446,0.4099099099,34449964,0.01576576577,27637824.23,0.01576576577,-26305662.78,0.9977477477
"Stephen Curry, PG",GS,5,27.8,4.48,0.009009009009,-0.87,0.8265765766,3.62,0.01351351351,0.46,0.4234234234,1250600.541,0.4234234234,40231758,0.002252252252,32276325.63,0.002252252252,-31025725.09,1
